part_number_title,part_number_url
https://www.oss.nsk.com/products/bearings/ball-bearings/deep-groove-ball-bearings/single-row-deep-groove-ball-bearings/6800-dgbb-sr.html,https://www.oss.nsk.com/products/bearings/ball-bearings/deep-groove-ball-bearings/single-row-deep-groove-ball-bearings/6800-dgbb-sr.html
https://www.oss.nsk.com/products/bearings/ball-bearings/deep-groove-ball-bearings/single-row-deep-groove-ball-bearings/6800dd-dgbb-sr.html,https://www.oss.nsk.com/products/bearings/ball-bearings/deep-groove-ball-bearings/single-row-deep-groove-ball-bearings/6800dd-dgbb-sr.html
https://www.oss.nsk.com/products/bearings/ball-bearings/deep-groove-ball-bearings/single-row-deep-groove-ball-bearings/6800vv-dgbb-sr.html,https://www.oss.nsk.com/products/bearings/ball-bearings/deep-groove-ball-bearings/single-row-deep-groove-ball-bearings/6800vv-dgbb-sr.html
https://www.oss.nsk.com/products/bearings/ball-bearings/deep-groove-ball-bearings/single-row-deep-groove-ball-bearings/6800zz-dgbb-sr.html,https://www.oss.nsk.com/products/bearings/ball-bearings/deep-groove-ball-bearings/single-row-deep-groove-ball-bearings/6800zz-dgbb-sr.html
https://www.oss.nsk.com/products/bearings/ball-bearings/deep-groove-ball-bearings/single-row-deep-groove-ball-bearings/6900-dgbb-sr.html,https://www.oss.nsk.com/products/bearings/ball-bearings/deep-groove-ball-bearings/single-row-deep-groove-ball-bearings/6900-dgbb-sr.html
https://www.oss.nsk.com/products/bearings/ball-bearings/deep-groove-ball-bearings/single-row-deep-groove-ball-bearings/6900dd-dgbb-sr.html,https://www.oss.nsk.com/products/bearings/ball-bearings/deep-groove-ball-bearings/single-row-deep-groove-ball-bearings/6900dd-dgbb-sr.html
https://www.oss.nsk.com/products/bearings/ball-bearings/deep-groove-ball-bearings/single-row-deep-groove-ball-bearings/6900n-dgbb-sr-n.html,https://www.oss.nsk.com/products/bearings/ball-bearings/deep-groove-ball-bearings/single-row-deep-groove-ball-bearings/6900n-dgbb-sr-n.html
https://www.oss.nsk.com/products/bearings/ball-bearings/deep-groove-ball-bearings/single-row-deep-groove-ball-bearings/6900nr-dgbb-sr-nr.html,https://www.oss.nsk.com/products/bearings/ball-bearings/deep-groove-ball-bearings/single-row-deep-groove-ball-bearings/6900nr-dgbb-sr-nr.html
https://www.oss.nsk.com/products/bearings/ball-bearings/deep-groove-ball-bearings/single-row-deep-groove-ball-bearings/6900vv-dgbb-sr.html,https://www.oss.nsk.com/products/bearings/ball-bearings/deep-groove-ball-bearings/single-row-deep-groove-ball-bearings/6900vv-dgbb-sr.html
https://www.oss.nsk.com/products/bearings/ball-bearings/deep-groove-ball-bearings/single-row-deep-groove-ball-bearings/6900zz-dgbb-sr.html,https://www.oss.nsk.com/products/bearings/ball-bearings/deep-groove-ball-bearings/single-row-deep-groove-ball-bearings/6900zz-dgbb-sr.html
https://www.oss.nsk.com/products/bearings/ball-bearings/deep-groove-ball-bearings/single-row-deep-groove-ball-bearings/6000-dgbb-sr.html,https://www.oss.nsk.com/products/bearings/ball-bearings/deep-groove-ball-bearings/single-row-deep-groove-ball-bearings/6000-dgbb-sr.html
https://www.oss.nsk.com/products/bearings/ball-bearings/deep-groove-ball-bearings/single-row-deep-groove-ball-bearings/6000ddu-dgbb-sr.html,https://www.oss.nsk.com/products/bearings/ball-bearings/deep-groove-ball-bearings/single-row-deep-groove-ball-bearings/6000ddu-dgbb-sr.html
https://www.oss.nsk.com/products/bearings/ball-bearings/deep-groove-ball-bearings/single-row-deep-groove-ball-bearings/6000n-dgbb-sr-n.html,https://www.oss.nsk.com/products/bearings/ball-bearings/deep-groove-ball-bearings/single-row-deep-groove-ball-bearings/6000n-dgbb-sr-n.html
https://www.oss.nsk.com/products/bearings/ball-bearings/deep-groove-ball-bearings/single-row-deep-groove-ball-bearings/6000nr-dgbb-sr-nr.html,https://www.oss.nsk.com/products/bearings/ball-bearings/deep-groove-ball-bearings/single-row-deep-groove-ball-bearings/6000nr-dgbb-sr-nr.html
https://www.oss.nsk.com/products/bearings/ball-bearings/deep-groove-ball-bearings/single-row-deep-groove-ball-bearings/6000vv-dgbb-sr.html,https://www.oss.nsk.com/products/bearings/ball-bearings/deep-groove-ball-bearings/single-row-deep-groove-ball-bearings/6000vv-dgbb-sr.html
https://www.oss.nsk.com/products/bearings/ball-bearings/deep-groove-ball-bearings/single-row-deep-groove-ball-bearings/6000zz-dgbb-sr.html,https://www.oss.nsk.com/products/bearings/ball-bearings/deep-groove-ball-bearings/single-row-deep-groove-ball-bearings/6000zz-dgbb-sr.html
https://www.oss.nsk.com/products/bearings/ball-bearings/deep-groove-ball-bearings/single-row-deep-groove-ball-bearings/6200-dgbb-sr.html,https://www.oss.nsk.com/products/bearings/ball-bearings/deep-groove-ball-bearings/single-row-deep-groove-ball-bearings/6200-dgbb-sr.html
https://www.oss.nsk.com/products/bearings/ball-bearings/deep-groove-ball-bearings/single-row-deep-groove-ball-bearings/6200ddu-dgbb-sr.html,https://www.oss.nsk.com/products/bearings/ball-bearings/deep-groove-ball-bearings/single-row-deep-groove-ball-bearings/6200ddu-dgbb-sr.html
https://www.oss.nsk.com/products/bearings/ball-bearings/deep-groove-ball-bearings/single-row-deep-groove-ball-bearings/6200n-dgbb-sr-n.html,https://www.oss.nsk.com/products/bearings/ball-bearings/deep-groove-ball-bearings/single-row-deep-groove-ball-bearings/6200n-dgbb-sr-n.html
https://www.oss.nsk.com/products/bearings/ball-bearings/deep-groove-ball-bearings/single-row-deep-groove-ball-bearings/6200nr-dgbb-sr-nr.html,https://www.oss.nsk.com/products/bearings/ball-bearings/deep-groove-ball-bearings/single-row-deep-groove-ball-bearings/6200nr-dgbb-sr-nr.html
https://www.oss.nsk.com/products/bearings/ball-bearings/deep-groove-ball-bearings/single-row-deep-groove-ball-bearings/6200vv-dgbb-sr.html,https://www.oss.nsk.com/products/bearings/ball-bearings/deep-groove-ball-bearings/single-row-deep-groove-ball-bearings/6200vv-dgbb-sr.html
https://www.oss.nsk.com/products/bearings/ball-bearings/deep-groove-ball-bearings/single-row-deep-groove-ball-bearings/6200zz-dgbb-sr.html,https://www.oss.nsk.com/products/bearings/ball-bearings/deep-groove-ball-bearings/single-row-deep-groove-ball-bearings/6200zz-dgbb-sr.html
https://www.oss.nsk.com/products/bearings/ball-bearings/deep-groove-ball-bearings/single-row-deep-groove-ball-bearings/6300-dgbb-sr.html,https://www.oss.nsk.com/products/bearings/ball-bearings/deep-groove-ball-bearings/single-row-deep-groove-ball-bearings/6300-dgbb-sr.html
https://www.oss.nsk.com/products/bearings/ball-bearings/deep-groove-ball-bearings/single-row-deep-groove-ball-bearings/6300ddu-dgbb-sr.html,https://www.oss.nsk.com/products/bearings/ball-bearings/deep-groove-ball-bearings/single-row-deep-groove-ball-bearings/6300ddu-dgbb-sr.html
https://www.oss.nsk.com/products/bearings/ball-bearings/deep-groove-ball-bearings/single-row-deep-groove-ball-bearings/6300n-dgbb-sr-n.html,https://www.oss.nsk.com/products/bearings/ball-bearings/deep-groove-ball-bearings/single-row-deep-groove-ball-bearings/6300n-dgbb-sr-n.html
https://www.oss.nsk.com/products/bearings/ball-bearings/deep-groove-ball-bearings/single-row-deep-groove-ball-bearings/6300nr-dgbb-sr-nr.html,https://www.oss.nsk.com/products/bearings/ball-bearings/deep-groove-ball-bearings/single-row-deep-groove-ball-bearings/6300nr-dgbb-sr-nr.html
https://www.oss.nsk.com/products/bearings/ball-bearings/deep-groove-ball-bearings/single-row-deep-groove-ball-bearings/6300vv-dgbb-sr.html,https://www.oss.nsk.com/products/bearings/ball-bearings/deep-groove-ball-bearings/single-row-deep-groove-ball-bearings/6300vv-dgbb-sr.html
https://www.oss.nsk.com/products/bearings/ball-bearings/deep-groove-ball-bearings/single-row-deep-groove-ball-bearings/6300zz-dgbb-sr.html,https://www.oss.nsk.com/products/bearings/ball-bearings/deep-groove-ball-bearings/single-row-deep-groove-ball-bearings/6300zz-dgbb-sr.html
https://www.oss.nsk.com/products/bearings/ball-bearings/deep-groove-ball-bearings/single-row-deep-groove-ball-bearings/6801-dgbb-sr.html,https://www.oss.nsk.com/products/bearings/ball-bearings/deep-groove-ball-bearings/single-row-deep-groove-ball-bearings/6801-dgbb-sr.html
https://www.oss.nsk.com/products/bearings/ball-bearings/deep-groove-ball-bearings/single-row-deep-groove-ball-bearings/6801dd-dgbb-sr.html,https://www.oss.nsk.com/products/bearings/ball-bearings/deep-groove-ball-bearings/single-row-deep-groove-ball-bearings/6801dd-dgbb-sr.html
https://www.oss.nsk.com/products/bearings/ball-bearings/deep-groove-ball-bearings/single-row-deep-groove-ball-bearings/6801vv-dgbb-sr.html,https://www.oss.nsk.com/products/bearings/ball-bearings/deep-groove-ball-bearings/single-row-deep-groove-ball-bearings/6801vv-dgbb-sr.html
https://www.oss.nsk.com/products/bearings/ball-bearings/deep-groove-ball-bearings/single-row-deep-groove-ball-bearings/6801zz-dgbb-sr.html,https://www.oss.nsk.com/products/bearings/ball-bearings/deep-groove-ball-bearings/single-row-deep-groove-ball-bearings/6801zz-dgbb-sr.html
https://www.oss.nsk.com/products/bearings/ball-bearings/deep-groove-ball-bearings/single-row-deep-groove-ball-bearings/6901-dgbb-sr.html,https://www.oss.nsk.com/products/bearings/ball-bearings/deep-groove-ball-bearings/single-row-deep-groove-ball-bearings/6901-dgbb-sr.html
https://www.oss.nsk.com/products/bearings/ball-bearings/deep-groove-ball-bearings/single-row-deep-groove-ball-bearings/6901dd-dgbb-sr.html,https://www.oss.nsk.com/products/bearings/ball-bearings/deep-groove-ball-bearings/single-row-deep-groove-ball-bearings/6901dd-dgbb-sr.html
https://www.oss.nsk.com/products/bearings/ball-bearings/deep-groove-ball-bearings/single-row-deep-groove-ball-bearings/6901n-dgbb-sr-n.html,https://www.oss.nsk.com/products/bearings/ball-bearings/deep-groove-ball-bearings/single-row-deep-groove-ball-bearings/6901n-dgbb-sr-n.html
https://www.oss.nsk.com/products/bearings/ball-bearings/deep-groove-ball-bearings/single-row-deep-groove-ball-bearings/6901nr-dgbb-sr-nr.html,https://www.oss.nsk.com/products/bearings/ball-bearings/deep-groove-ball-bearings/single-row-deep-groove-ball-bearings/6901nr-dgbb-sr-nr.html
https://www.oss.nsk.com/products/bearings/ball-bearings/deep-groove-ball-bearings/single-row-deep-groove-ball-bearings/6901vv-dgbb-sr.html,https://www.oss.nsk.com/products/bearings/ball-bearings/deep-groove-ball-bearings/single-row-deep-groove-ball-bearings/6901vv-dgbb-sr.html
https://www.oss.nsk.com/products/bearings/ball-bearings/deep-groove-ball-bearings/single-row-deep-groove-ball-bearings/6901zz-dgbb-sr.html,https://www.oss.nsk.com/products/bearings/ball-bearings/deep-groove-ball-bearings/single-row-deep-groove-ball-bearings/6901zz-dgbb-sr.html
https://www.oss.nsk.com/products/bearings/ball-bearings/deep-groove-ball-bearings/single-row-deep-groove-ball-bearings/16001-dgbb-sr.html,https://www.oss.nsk.com/products/bearings/ball-bearings/deep-groove-ball-bearings/single-row-deep-groove-ball-bearings/16001-dgbb-sr.html
https://www.oss.nsk.com/products/bearings/ball-bearings/deep-groove-ball-bearings/single-row-deep-groove-ball-bearings/6001-dgbb-sr.html,https://www.oss.nsk.com/products/bearings/ball-bearings/deep-groove-ball-bearings/single-row-deep-groove-ball-bearings/6001-dgbb-sr.html
https://www.oss.nsk.com/products/bearings/ball-bearings/deep-groove-ball-bearings/single-row-deep-groove-ball-bearings/6001ddu-dgbb-sr.html,https://www.oss.nsk.com/products/bearings/ball-bearings/deep-groove-ball-bearings/single-row-deep-groove-ball-bearings/6001ddu-dgbb-sr.html
https://www.oss.nsk.com/products/bearings/ball-bearings/deep-groove-ball-bearings/single-row-deep-groove-ball-bearings/6001n-dgbb-sr-n.html,https://www.oss.nsk.com/products/bearings/ball-bearings/deep-groove-ball-bearings/single-row-deep-groove-ball-bearings/6001n-dgbb-sr-n.html
https://www.oss.nsk.com/products/bearings/ball-bearings/deep-groove-ball-bearings/single-row-deep-groove-ball-bearings/6001nr-dgbb-sr-nr.html,https://www.oss.nsk.com/products/bearings/ball-bearings/deep-groove-ball-bearings/single-row-deep-groove-ball-bearings/6001nr-dgbb-sr-nr.html
https://www.oss.nsk.com/products/bearings/ball-bearings/deep-groove-ball-bearings/single-row-deep-groove-ball-bearings/6001vv-dgbb-sr.html,https://www.oss.nsk.com/products/bearings/ball-bearings/deep-groove-ball-bearings/single-row-deep-groove-ball-bearings/6001vv-dgbb-sr.html
https://www.oss.nsk.com/products/bearings/ball-bearings/deep-groove-ball-bearings/single-row-deep-groove-ball-bearings/6001zz-dgbb-sr.html,https://www.oss.nsk.com/products/bearings/ball-bearings/deep-groove-ball-bearings/single-row-deep-groove-ball-bearings/6001zz-dgbb-sr.html
https://www.oss.nsk.com/products/bearings/ball-bearings/deep-groove-ball-bearings/single-row-deep-groove-ball-bearings/6201-dgbb-sr.html,https://www.oss.nsk.com/products/bearings/ball-bearings/deep-groove-ball-bearings/single-row-deep-groove-ball-bearings/6201-dgbb-sr.html
https://www.oss.nsk.com/products/bearings/ball-bearings/deep-groove-ball-bearings/single-row-deep-groove-ball-bearings/6201ddu-dgbb-sr.html,https://www.oss.nsk.com/products/bearings/ball-bearings/deep-groove-ball-bearings/single-row-deep-groove-ball-bearings/6201ddu-dgbb-sr.html
https://www.oss.nsk.com/products/bearings/ball-bearings/deep-groove-ball-bearings/single-row-deep-groove-ball-bearings/6201n-dgbb-sr-n.html,https://www.oss.nsk.com/products/bearings/ball-bearings/deep-groove-ball-bearings/single-row-deep-groove-ball-bearings/6201n-dgbb-sr-n.html
https://www.oss.nsk.com/products/bearings/ball-bearings/deep-groove-ball-bearings/single-row-deep-groove-ball-bearings/6201nr-dgbb-sr-nr.html,https://www.oss.nsk.com/products/bearings/ball-bearings/deep-groove-ball-bearings/single-row-deep-groove-ball-bearings/6201nr-dgbb-sr-nr.html
https://www.oss.nsk.com/products/bearings/ball-bearings/deep-groove-ball-bearings/single-row-deep-groove-ball-bearings/6201vv-dgbb-sr.html,https://www.oss.nsk.com/products/bearings/ball-bearings/deep-groove-ball-bearings/single-row-deep-groove-ball-bearings/6201vv-dgbb-sr.html
https://www.oss.nsk.com/products/bearings/ball-bearings/deep-groove-ball-bearings/single-row-deep-groove-ball-bearings/6201zz-dgbb-sr.html,https://www.oss.nsk.com/products/bearings/ball-bearings/deep-groove-ball-bearings/single-row-deep-groove-ball-bearings/6201zz-dgbb-sr.html
https://www.oss.nsk.com/products/bearings/ball-bearings/deep-groove-ball-bearings/single-row-deep-groove-ball-bearings/6301-dgbb-sr.html,https://www.oss.nsk.com/products/bearings/ball-bearings/deep-groove-ball-bearings/single-row-deep-groove-ball-bearings/6301-dgbb-sr.html
https://www.oss.nsk.com/products/bearings/ball-bearings/deep-groove-ball-bearings/single-row-deep-groove-ball-bearings/6301ddu-dgbb-sr.html,https://www.oss.nsk.com/products/bearings/ball-bearings/deep-groove-ball-bearings/single-row-deep-groove-ball-bearings/6301ddu-dgbb-sr.html
https://www.oss.nsk.com/products/bearings/ball-bearings/deep-groove-ball-bearings/single-row-deep-groove-ball-bearings/6301n-dgbb-sr-n.html,https://www.oss.nsk.com/products/bearings/ball-bearings/deep-groove-ball-bearings/single-row-deep-groove-ball-bearings/6301n-dgbb-sr-n.html
https://www.oss.nsk.com/products/bearings/ball-bearings/deep-groove-ball-bearings/single-row-deep-groove-ball-bearings/6301nr-dgbb-sr-nr.html,https://www.oss.nsk.com/products/bearings/ball-bearings/deep-groove-ball-bearings/single-row-deep-groove-ball-bearings/6301nr-dgbb-sr-nr.html
https://www.oss.nsk.com/products/bearings/ball-bearings/deep-groove-ball-bearings/single-row-deep-groove-ball-bearings/6301vv-dgbb-sr.html,https://www.oss.nsk.com/products/bearings/ball-bearings/deep-groove-ball-bearings/single-row-deep-groove-ball-bearings/6301vv-dgbb-sr.html
https://www.oss.nsk.com/products/bearings/ball-bearings/deep-groove-ball-bearings/single-row-deep-groove-ball-bearings/6301zz-dgbb-sr.html,https://www.oss.nsk.com/products/bearings/ball-bearings/deep-groove-ball-bearings/single-row-deep-groove-ball-bearings/6301zz-dgbb-sr.html
https://www.oss.nsk.com/products/bearings/ball-bearings/deep-groove-ball-bearings/single-row-deep-groove-ball-bearings/6802-dgbb-sr.html,https://www.oss.nsk.com/products/bearings/ball-bearings/deep-groove-ball-bearings/single-row-deep-groove-ball-bearings/6802-dgbb-sr.html
https://www.oss.nsk.com/products/bearings/ball-bearings/deep-groove-ball-bearings/single-row-deep-groove-ball-bearings/6802dd-dgbb-sr.html,https://www.oss.nsk.com/products/bearings/ball-bearings/deep-groove-ball-bearings/single-row-deep-groove-ball-bearings/6802dd-dgbb-sr.html
https://www.oss.nsk.com/products/bearings/ball-bearings/deep-groove-ball-bearings/single-row-deep-groove-ball-bearings/6802vv-dgbb-sr.html,https://www.oss.nsk.com/products/bearings/ball-bearings/deep-groove-ball-bearings/single-row-deep-groove-ball-bearings/6802vv-dgbb-sr.html
https://www.oss.nsk.com/products/bearings/ball-bearings/deep-groove-ball-bearings/single-row-deep-groove-ball-bearings/6802zz-dgbb-sr.html,https://www.oss.nsk.com/products/bearings/ball-bearings/deep-groove-ball-bearings/single-row-deep-groove-ball-bearings/6802zz-dgbb-sr.html
https://www.oss.nsk.com/products/bearings/ball-bearings/deep-groove-ball-bearings/single-row-deep-groove-ball-bearings/6902-dgbb-sr.html,https://www.oss.nsk.com/products/bearings/ball-bearings/deep-groove-ball-bearings/single-row-deep-groove-ball-bearings/6902-dgbb-sr.html
https://www.oss.nsk.com/products/bearings/ball-bearings/deep-groove-ball-bearings/single-row-deep-groove-ball-bearings/6902dd-dgbb-sr.html,https://www.oss.nsk.com/products/bearings/ball-bearings/deep-groove-ball-bearings/single-row-deep-groove-ball-bearings/6902dd-dgbb-sr.html
https://www.oss.nsk.com/products/bearings/ball-bearings/deep-groove-ball-bearings/single-row-deep-groove-ball-bearings/6902n-dgbb-sr-n.html,https://www.oss.nsk.com/products/bearings/ball-bearings/deep-groove-ball-bearings/single-row-deep-groove-ball-bearings/6902n-dgbb-sr-n.html
https://www.oss.nsk.com/products/bearings/ball-bearings/deep-groove-ball-bearings/single-row-deep-groove-ball-bearings/6902nr-dgbb-sr-nr.html,https://www.oss.nsk.com/products/bearings/ball-bearings/deep-groove-ball-bearings/single-row-deep-groove-ball-bearings/6902nr-dgbb-sr-nr.html
https://www.oss.nsk.com/products/bearings/ball-bearings/deep-groove-ball-bearings/single-row-deep-groove-ball-bearings/6902vv-dgbb-sr.html,https://www.oss.nsk.com/products/bearings/ball-bearings/deep-groove-ball-bearings/single-row-deep-groove-ball-bearings/6902vv-dgbb-sr.html
https://www.oss.nsk.com/products/bearings/ball-bearings/deep-groove-ball-bearings/single-row-deep-groove-ball-bearings/6902zz-dgbb-sr.html,https://www.oss.nsk.com/products/bearings/ball-bearings/deep-groove-ball-bearings/single-row-deep-groove-ball-bearings/6902zz-dgbb-sr.html
https://www.oss.nsk.com/products/bearings/ball-bearings/deep-groove-ball-bearings/single-row-deep-groove-ball-bearings/16002-dgbb-sr.html,https://www.oss.nsk.com/products/bearings/ball-bearings/deep-groove-ball-bearings/single-row-deep-groove-ball-bearings/16002-dgbb-sr.html
https://www.oss.nsk.com/products/bearings/ball-bearings/deep-groove-ball-bearings/single-row-deep-groove-ball-bearings/6002-dgbb-sr.html,https://www.oss.nsk.com/products/bearings/ball-bearings/deep-groove-ball-bearings/single-row-deep-groove-ball-bearings/6002-dgbb-sr.html
https://www.oss.nsk.com/products/bearings/ball-bearings/deep-groove-ball-bearings/single-row-deep-groove-ball-bearings/6002ddu-dgbb-sr.html,https://www.oss.nsk.com/products/bearings/ball-bearings/deep-groove-ball-bearings/single-row-deep-groove-ball-bearings/6002ddu-dgbb-sr.html
https://www.oss.nsk.com/products/bearings/ball-bearings/deep-groove-ball-bearings/single-row-deep-groove-ball-bearings/6002n-dgbb-sr-n.html,https://www.oss.nsk.com/products/bearings/ball-bearings/deep-groove-ball-bearings/single-row-deep-groove-ball-bearings/6002n-dgbb-sr-n.html
https://www.oss.nsk.com/products/bearings/ball-bearings/deep-groove-ball-bearings/single-row-deep-groove-ball-bearings/6002nr-dgbb-sr-nr.html,https://www.oss.nsk.com/products/bearings/ball-bearings/deep-groove-ball-bearings/single-row-deep-groove-ball-bearings/6002nr-dgbb-sr-nr.html
https://www.oss.nsk.com/products/bearings/ball-bearings/deep-groove-ball-bearings/single-row-deep-groove-ball-bearings/6002vv-dgbb-sr.html,https://www.oss.nsk.com/products/bearings/ball-bearings/deep-groove-ball-bearings/single-row-deep-groove-ball-bearings/6002vv-dgbb-sr.html
https://www.oss.nsk.com/products/bearings/ball-bearings/deep-groove-ball-bearings/single-row-deep-groove-ball-bearings/6002zz-dgbb-sr.html,https://www.oss.nsk.com/products/bearings/ball-bearings/deep-groove-ball-bearings/single-row-deep-groove-ball-bearings/6002zz-dgbb-sr.html
https://www.oss.nsk.com/products/bearings/ball-bearings/deep-groove-ball-bearings/single-row-deep-groove-ball-bearings/6202-dgbb-sr.html,https://www.oss.nsk.com/products/bearings/ball-bearings/deep-groove-ball-bearings/single-row-deep-groove-ball-bearings/6202-dgbb-sr.html
https://www.oss.nsk.com/products/bearings/ball-bearings/deep-groove-ball-bearings/single-row-deep-groove-ball-bearings/6202ddu-dgbb-sr.html,https://www.oss.nsk.com/products/bearings/ball-bearings/deep-groove-ball-bearings/single-row-deep-groove-ball-bearings/6202ddu-dgbb-sr.html
https://www.oss.nsk.com/products/bearings/ball-bearings/deep-groove-ball-bearings/single-row-deep-groove-ball-bearings/6202n-dgbb-sr-n.html,https://www.oss.nsk.com/products/bearings/ball-bearings/deep-groove-ball-bearings/single-row-deep-groove-ball-bearings/6202n-dgbb-sr-n.html
https://www.oss.nsk.com/products/bearings/ball-bearings/deep-groove-ball-bearings/single-row-deep-groove-ball-bearings/6202nr-dgbb-sr-nr.html,https://www.oss.nsk.com/products/bearings/ball-bearings/deep-groove-ball-bearings/single-row-deep-groove-ball-bearings/6202nr-dgbb-sr-nr.html
https://www.oss.nsk.com/products/bearings/ball-bearings/deep-groove-ball-bearings/single-row-deep-groove-ball-bearings/6202vv-dgbb-sr.html,https://www.oss.nsk.com/products/bearings/ball-bearings/deep-groove-ball-bearings/single-row-deep-groove-ball-bearings/6202vv-dgbb-sr.html
https://www.oss.nsk.com/products/bearings/ball-bearings/deep-groove-ball-bearings/single-row-deep-groove-ball-bearings/6202zz-dgbb-sr.html,https://www.oss.nsk.com/products/bearings/ball-bearings/deep-groove-ball-bearings/single-row-deep-groove-ball-bearings/6202zz-dgbb-sr.html
https://www.oss.nsk.com/products/bearings/ball-bearings/deep-groove-ball-bearings/single-row-deep-groove-ball-bearings/6302-dgbb-sr.html,https://www.oss.nsk.com/products/bearings/ball-bearings/deep-groove-ball-bearings/single-row-deep-groove-ball-bearings/6302-dgbb-sr.html
https://www.oss.nsk.com/products/bearings/ball-bearings/deep-groove-ball-bearings/single-row-deep-groove-ball-bearings/6302ddu-dgbb-sr.html,https://www.oss.nsk.com/products/bearings/ball-bearings/deep-groove-ball-bearings/single-row-deep-groove-ball-bearings/6302ddu-dgbb-sr.html
https://www.oss.nsk.com/products/bearings/ball-bearings/deep-groove-ball-bearings/single-row-deep-groove-ball-bearings/6302n-dgbb-sr-n.html,https://www.oss.nsk.com/products/bearings/ball-bearings/deep-groove-ball-bearings/single-row-deep-groove-ball-bearings/6302n-dgbb-sr-n.html
https://www.oss.nsk.com/products/bearings/ball-bearings/deep-groove-ball-bearings/single-row-deep-groove-ball-bearings/6302nr-dgbb-sr-nr.html,https://www.oss.nsk.com/products/bearings/ball-bearings/deep-groove-ball-bearings/single-row-deep-groove-ball-bearings/6302nr-dgbb-sr-nr.html
https://www.oss.nsk.com/products/bearings/ball-bearings/deep-groove-ball-bearings/single-row-deep-groove-ball-bearings/6302vv-dgbb-sr.html,https://www.oss.nsk.com/products/bearings/ball-bearings/deep-groove-ball-bearings/single-row-deep-groove-ball-bearings/6302vv-dgbb-sr.html
https://www.oss.nsk.com/products/bearings/ball-bearings/deep-groove-ball-bearings/single-row-deep-groove-ball-bearings/6302zz-dgbb-sr.html,https://www.oss.nsk.com/products/bearings/ball-bearings/deep-groove-ball-bearings/single-row-deep-groove-ball-bearings/6302zz-dgbb-sr.html
https://www.oss.nsk.com/products/bearings/ball-bearings/deep-groove-ball-bearings/single-row-deep-groove-ball-bearings/6803-dgbb-sr.html,https://www.oss.nsk.com/products/bearings/ball-bearings/deep-groove-ball-bearings/single-row-deep-groove-ball-bearings/6803-dgbb-sr.html
https://www.oss.nsk.com/products/bearings/ball-bearings/deep-groove-ball-bearings/single-row-deep-groove-ball-bearings/6803dd-dgbb-sr.html,https://www.oss.nsk.com/products/bearings/ball-bearings/deep-groove-ball-bearings/single-row-deep-groove-ball-bearings/6803dd-dgbb-sr.html
https://www.oss.nsk.com/products/bearings/ball-bearings/deep-groove-ball-bearings/single-row-deep-groove-ball-bearings/6803vv-dgbb-sr.html,https://www.oss.nsk.com/products/bearings/ball-bearings/deep-groove-ball-bearings/single-row-deep-groove-ball-bearings/6803vv-dgbb-sr.html
https://www.oss.nsk.com/products/bearings/ball-bearings/deep-groove-ball-bearings/single-row-deep-groove-ball-bearings/6803zz-dgbb-sr.html,https://www.oss.nsk.com/products/bearings/ball-bearings/deep-groove-ball-bearings/single-row-deep-groove-ball-bearings/6803zz-dgbb-sr.html
https://www.oss.nsk.com/products/bearings/ball-bearings/deep-groove-ball-bearings/single-row-deep-groove-ball-bearings/6903-dgbb-sr.html,https://www.oss.nsk.com/products/bearings/ball-bearings/deep-groove-ball-bearings/single-row-deep-groove-ball-bearings/6903-dgbb-sr.html
https://www.oss.nsk.com/products/bearings/ball-bearings/deep-groove-ball-bearings/single-row-deep-groove-ball-bearings/6903ddu-dgbb-sr.html,https://www.oss.nsk.com/products/bearings/ball-bearings/deep-groove-ball-bearings/single-row-deep-groove-ball-bearings/6903ddu-dgbb-sr.html
https://www.oss.nsk.com/products/bearings/ball-bearings/deep-groove-ball-bearings/single-row-deep-groove-ball-bearings/6903n-dgbb-sr-n.html,https://www.oss.nsk.com/products/bearings/ball-bearings/deep-groove-ball-bearings/single-row-deep-groove-ball-bearings/6903n-dgbb-sr-n.html
https://www.oss.nsk.com/products/bearings/ball-bearings/deep-groove-ball-bearings/single-row-deep-groove-ball-bearings/6903nr-dgbb-sr-nr.html,https://www.oss.nsk.com/products/bearings/ball-bearings/deep-groove-ball-bearings/single-row-deep-groove-ball-bearings/6903nr-dgbb-sr-nr.html
https://www.oss.nsk.com/products/bearings/ball-bearings/deep-groove-ball-bearings/single-row-deep-groove-ball-bearings/6903vv-dgbb-sr.html,https://www.oss.nsk.com/products/bearings/ball-bearings/deep-groove-ball-bearings/single-row-deep-groove-ball-bearings/6903vv-dgbb-sr.html
https://www.oss.nsk.com/products/bearings/ball-bearings/deep-groove-ball-bearings/single-row-deep-groove-ball-bearings/6903zz-dgbb-sr.html,https://www.oss.nsk.com/products/bearings/ball-bearings/deep-groove-ball-bearings/single-row-deep-groove-ball-bearings/6903zz-dgbb-sr.html
https://www.oss.nsk.com/products/bearings/ball-bearings/deep-groove-ball-bearings/single-row-deep-groove-ball-bearings/16003-dgbb-sr.html,https://www.oss.nsk.com/products/bearings/ball-bearings/deep-groove-ball-bearings/single-row-deep-groove-ball-bearings/16003-dgbb-sr.html
https://www.oss.nsk.com/products/bearings/ball-bearings/deep-groove-ball-bearings/single-row-deep-groove-ball-bearings/6003-dgbb-sr.html,https://www.oss.nsk.com/products/bearings/ball-bearings/deep-groove-ball-bearings/single-row-deep-groove-ball-bearings/6003-dgbb-sr.html
https://www.oss.nsk.com/products/bearings/ball-bearings/deep-groove-ball-bearings/single-row-deep-groove-ball-bearings/6003ddu-dgbb-sr.html,https://www.oss.nsk.com/products/bearings/ball-bearings/deep-groove-ball-bearings/single-row-deep-groove-ball-bearings/6003ddu-dgbb-sr.html
https://www.oss.nsk.com/products/bearings/ball-bearings/deep-groove-ball-bearings/single-row-deep-groove-ball-bearings/6003n-dgbb-sr-n.html,https://www.oss.nsk.com/products/bearings/ball-bearings/deep-groove-ball-bearings/single-row-deep-groove-ball-bearings/6003n-dgbb-sr-n.html
https://www.oss.nsk.com/products/bearings/ball-bearings/deep-groove-ball-bearings/single-row-deep-groove-ball-bearings/6003nr-dgbb-sr-nr.html,https://www.oss.nsk.com/products/bearings/ball-bearings/deep-groove-ball-bearings/single-row-deep-groove-ball-bearings/6003nr-dgbb-sr-nr.html
https://www.oss.nsk.com/products/bearings/ball-bearings/deep-groove-ball-bearings/single-row-deep-groove-ball-bearings/6003vv-dgbb-sr.html,https://www.oss.nsk.com/products/bearings/ball-bearings/deep-groove-ball-bearings/single-row-deep-groove-ball-bearings/6003vv-dgbb-sr.html
https://www.oss.nsk.com/products/bearings/ball-bearings/deep-groove-ball-bearings/single-row-deep-groove-ball-bearings/6003zz-dgbb-sr.html,https://www.oss.nsk.com/products/bearings/ball-bearings/deep-groove-ball-bearings/single-row-deep-groove-ball-bearings/6003zz-dgbb-sr.html
https://www.oss.nsk.com/products/bearings/ball-bearings/deep-groove-ball-bearings/single-row-deep-groove-ball-bearings/6203-dgbb-sr.html,https://www.oss.nsk.com/products/bearings/ball-bearings/deep-groove-ball-bearings/single-row-deep-groove-ball-bearings/6203-dgbb-sr.html
https://www.oss.nsk.com/products/bearings/ball-bearings/deep-groove-ball-bearings/single-row-deep-groove-ball-bearings/6203ddu-dgbb-sr.html,https://www.oss.nsk.com/products/bearings/ball-bearings/deep-groove-ball-bearings/single-row-deep-groove-ball-bearings/6203ddu-dgbb-sr.html
https://www.oss.nsk.com/products/bearings/ball-bearings/deep-groove-ball-bearings/single-row-deep-groove-ball-bearings/6203n-dgbb-sr-n.html,https://www.oss.nsk.com/products/bearings/ball-bearings/deep-groove-ball-bearings/single-row-deep-groove-ball-bearings/6203n-dgbb-sr-n.html
https://www.oss.nsk.com/products/bearings/ball-bearings/deep-groove-ball-bearings/single-row-deep-groove-ball-bearings/6203nr-dgbb-sr-nr.html,https://www.oss.nsk.com/products/bearings/ball-bearings/deep-groove-ball-bearings/single-row-deep-groove-ball-bearings/6203nr-dgbb-sr-nr.html
https://www.oss.nsk.com/products/bearings/ball-bearings/deep-groove-ball-bearings/single-row-deep-groove-ball-bearings/6203vv-dgbb-sr.html,https://www.oss.nsk.com/products/bearings/ball-bearings/deep-groove-ball-bearings/single-row-deep-groove-ball-bearings/6203vv-dgbb-sr.html
https://www.oss.nsk.com/products/bearings/ball-bearings/deep-groove-ball-bearings/single-row-deep-groove-ball-bearings/6203zz-dgbb-sr.html,https://www.oss.nsk.com/products/bearings/ball-bearings/deep-groove-ball-bearings/single-row-deep-groove-ball-bearings/6203zz-dgbb-sr.html
https://www.oss.nsk.com/products/bearings/ball-bearings/deep-groove-ball-bearings/single-row-deep-groove-ball-bearings/6303-dgbb-sr.html,https://www.oss.nsk.com/products/bearings/ball-bearings/deep-groove-ball-bearings/single-row-deep-groove-ball-bearings/6303-dgbb-sr.html
https://www.oss.nsk.com/products/bearings/ball-bearings/deep-groove-ball-bearings/single-row-deep-groove-ball-bearings/6303ddu-dgbb-sr.html,https://www.oss.nsk.com/products/bearings/ball-bearings/deep-groove-ball-bearings/single-row-deep-groove-ball-bearings/6303ddu-dgbb-sr.html
https://www.oss.nsk.com/products/bearings/ball-bearings/deep-groove-ball-bearings/single-row-deep-groove-ball-bearings/6303n-dgbb-sr-n.html,https://www.oss.nsk.com/products/bearings/ball-bearings/deep-groove-ball-bearings/single-row-deep-groove-ball-bearings/6303n-dgbb-sr-n.html
https://www.oss.nsk.com/products/bearings/ball-bearings/deep-groove-ball-bearings/single-row-deep-groove-ball-bearings/6303nr-dgbb-sr-nr.html,https://www.oss.nsk.com/products/bearings/ball-bearings/deep-groove-ball-bearings/single-row-deep-groove-ball-bearings/6303nr-dgbb-sr-nr.html
https://www.oss.nsk.com/products/bearings/ball-bearings/deep-groove-ball-bearings/single-row-deep-groove-ball-bearings/6303vv-dgbb-sr.html,https://www.oss.nsk.com/products/bearings/ball-bearings/deep-groove-ball-bearings/single-row-deep-groove-ball-bearings/6303vv-dgbb-sr.html
https://www.oss.nsk.com/products/bearings/ball-bearings/deep-groove-ball-bearings/single-row-deep-groove-ball-bearings/6303zz-dgbb-sr.html,https://www.oss.nsk.com/products/bearings/ball-bearings/deep-groove-ball-bearings/single-row-deep-groove-ball-bearings/6303zz-dgbb-sr.html
https://www.oss.nsk.com/products/bearings/ball-bearings/deep-groove-ball-bearings/single-row-deep-groove-ball-bearings/6804-dgbb-sr.html,https://www.oss.nsk.com/products/bearings/ball-bearings/deep-groove-ball-bearings/single-row-deep-groove-ball-bearings/6804-dgbb-sr.html
https://www.oss.nsk.com/products/bearings/ball-bearings/deep-groove-ball-bearings/single-row-deep-groove-ball-bearings/6804dd-dgbb-sr.html,https://www.oss.nsk.com/products/bearings/ball-bearings/deep-groove-ball-bearings/single-row-deep-groove-ball-bearings/6804dd-dgbb-sr.html
https://www.oss.nsk.com/products/bearings/ball-bearings/deep-groove-ball-bearings/single-row-deep-groove-ball-bearings/6804n-dgbb-sr-n.html,https://www.oss.nsk.com/products/bearings/ball-bearings/deep-groove-ball-bearings/single-row-deep-groove-ball-bearings/6804n-dgbb-sr-n.html
https://www.oss.nsk.com/products/bearings/ball-bearings/deep-groove-ball-bearings/single-row-deep-groove-ball-bearings/6804nr-dgbb-sr-nr.html,https://www.oss.nsk.com/products/bearings/ball-bearings/deep-groove-ball-bearings/single-row-deep-groove-ball-bearings/6804nr-dgbb-sr-nr.html
https://www.oss.nsk.com/products/bearings/ball-bearings/deep-groove-ball-bearings/single-row-deep-groove-ball-bearings/6804vv-dgbb-sr.html,https://www.oss.nsk.com/products/bearings/ball-bearings/deep-groove-ball-bearings/single-row-deep-groove-ball-bearings/6804vv-dgbb-sr.html
https://www.oss.nsk.com/products/bearings/ball-bearings/deep-groove-ball-bearings/single-row-deep-groove-ball-bearings/6804zz-dgbb-sr.html,https://www.oss.nsk.com/products/bearings/ball-bearings/deep-groove-ball-bearings/single-row-deep-groove-ball-bearings/6804zz-dgbb-sr.html
https://www.oss.nsk.com/products/bearings/ball-bearings/deep-groove-ball-bearings/single-row-deep-groove-ball-bearings/6904-dgbb-sr.html,https://www.oss.nsk.com/products/bearings/ball-bearings/deep-groove-ball-bearings/single-row-deep-groove-ball-bearings/6904-dgbb-sr.html
https://www.oss.nsk.com/products/bearings/ball-bearings/deep-groove-ball-bearings/single-row-deep-groove-ball-bearings/6904ddu-dgbb-sr.html,https://www.oss.nsk.com/products/bearings/ball-bearings/deep-groove-ball-bearings/single-row-deep-groove-ball-bearings/6904ddu-dgbb-sr.html
https://www.oss.nsk.com/products/bearings/ball-bearings/deep-groove-ball-bearings/single-row-deep-groove-ball-bearings/6904n-dgbb-sr-n.html,https://www.oss.nsk.com/products/bearings/ball-bearings/deep-groove-ball-bearings/single-row-deep-groove-ball-bearings/6904n-dgbb-sr-n.html
https://www.oss.nsk.com/products/bearings/ball-bearings/deep-groove-ball-bearings/single-row-deep-groove-ball-bearings/6904nr-dgbb-sr-nr.html,https://www.oss.nsk.com/products/bearings/ball-bearings/deep-groove-ball-bearings/single-row-deep-groove-ball-bearings/6904nr-dgbb-sr-nr.html
https://www.oss.nsk.com/products/bearings/ball-bearings/deep-groove-ball-bearings/single-row-deep-groove-ball-bearings/6904vv-dgbb-sr.html,https://www.oss.nsk.com/products/bearings/ball-bearings/deep-groove-ball-bearings/single-row-deep-groove-ball-bearings/6904vv-dgbb-sr.html
https://www.oss.nsk.com/products/bearings/ball-bearings/deep-groove-ball-bearings/single-row-deep-groove-ball-bearings/6904zz-dgbb-sr.html,https://www.oss.nsk.com/products/bearings/ball-bearings/deep-groove-ball-bearings/single-row-deep-groove-ball-bearings/6904zz-dgbb-sr.html
https://www.oss.nsk.com/products/bearings/ball-bearings/deep-groove-ball-bearings/single-row-deep-groove-ball-bearings/6905-dgbb-sr.html,https://www.oss.nsk.com/products/bearings/ball-bearings/deep-groove-ball-bearings/single-row-deep-groove-ball-bearings/6905-dgbb-sr.html
https://www.oss.nsk.com/products/bearings/ball-bearings/deep-groove-ball-bearings/single-row-deep-groove-ball-bearings/16004-dgbb-sr.html,https://www.oss.nsk.com/products/bearings/ball-bearings/deep-groove-ball-bearings/single-row-deep-groove-ball-bearings/16004-dgbb-sr.html
https://www.oss.nsk.com/products/bearings/ball-bearings/deep-groove-ball-bearings/single-row-deep-groove-ball-bearings/6004-dgbb-sr.html,https://www.oss.nsk.com/products/bearings/ball-bearings/deep-groove-ball-bearings/single-row-deep-groove-ball-bearings/6004-dgbb-sr.html
https://www.oss.nsk.com/products/bearings/ball-bearings/deep-groove-ball-bearings/single-row-deep-groove-ball-bearings/6004ddu-dgbb-sr.html,https://www.oss.nsk.com/products/bearings/ball-bearings/deep-groove-ball-bearings/single-row-deep-groove-ball-bearings/6004ddu-dgbb-sr.html
https://www.oss.nsk.com/products/bearings/ball-bearings/deep-groove-ball-bearings/single-row-deep-groove-ball-bearings/6004n-dgbb-sr-n.html,https://www.oss.nsk.com/products/bearings/ball-bearings/deep-groove-ball-bearings/single-row-deep-groove-ball-bearings/6004n-dgbb-sr-n.html
https://www.oss.nsk.com/products/bearings/ball-bearings/deep-groove-ball-bearings/single-row-deep-groove-ball-bearings/6004nr-dgbb-sr-nr.html,https://www.oss.nsk.com/products/bearings/ball-bearings/deep-groove-ball-bearings/single-row-deep-groove-ball-bearings/6004nr-dgbb-sr-nr.html
https://www.oss.nsk.com/products/bearings/ball-bearings/deep-groove-ball-bearings/single-row-deep-groove-ball-bearings/6004vv-dgbb-sr.html,https://www.oss.nsk.com/products/bearings/ball-bearings/deep-groove-ball-bearings/single-row-deep-groove-ball-bearings/6004vv-dgbb-sr.html
https://www.oss.nsk.com/products/bearings/ball-bearings/deep-groove-ball-bearings/single-row-deep-groove-ball-bearings/6004zz-dgbb-sr.html,https://www.oss.nsk.com/products/bearings/ball-bearings/deep-groove-ball-bearings/single-row-deep-groove-ball-bearings/6004zz-dgbb-sr.html
https://www.oss.nsk.com/products/bearings/ball-bearings/deep-groove-ball-bearings/single-row-deep-groove-ball-bearings/6204-dgbb-sr.html,https://www.oss.nsk.com/products/bearings/ball-bearings/deep-groove-ball-bearings/single-row-deep-groove-ball-bearings/6204-dgbb-sr.html
https://www.oss.nsk.com/products/bearings/ball-bearings/deep-groove-ball-bearings/single-row-deep-groove-ball-bearings/6204ddu-dgbb-sr.html,https://www.oss.nsk.com/products/bearings/ball-bearings/deep-groove-ball-bearings/single-row-deep-groove-ball-bearings/6204ddu-dgbb-sr.html
https://www.oss.nsk.com/products/bearings/ball-bearings/deep-groove-ball-bearings/single-row-deep-groove-ball-bearings/6204n-dgbb-sr-n.html,https://www.oss.nsk.com/products/bearings/ball-bearings/deep-groove-ball-bearings/single-row-deep-groove-ball-bearings/6204n-dgbb-sr-n.html
https://www.oss.nsk.com/products/bearings/ball-bearings/deep-groove-ball-bearings/single-row-deep-groove-ball-bearings/6204nr-dgbb-sr-nr.html,https://www.oss.nsk.com/products/bearings/ball-bearings/deep-groove-ball-bearings/single-row-deep-groove-ball-bearings/6204nr-dgbb-sr-nr.html
https://www.oss.nsk.com/products/bearings/ball-bearings/deep-groove-ball-bearings/single-row-deep-groove-ball-bearings/6204vv-dgbb-sr.html,https://www.oss.nsk.com/products/bearings/ball-bearings/deep-groove-ball-bearings/single-row-deep-groove-ball-bearings/6204vv-dgbb-sr.html
https://www.oss.nsk.com/products/bearings/ball-bearings/deep-groove-ball-bearings/single-row-deep-groove-ball-bearings/6204zz-dgbb-sr.html,https://www.oss.nsk.com/products/bearings/ball-bearings/deep-groove-ball-bearings/single-row-deep-groove-ball-bearings/6204zz-dgbb-sr.html
https://www.oss.nsk.com/products/bearings/ball-bearings/deep-groove-ball-bearings/single-row-deep-groove-ball-bearings/6304-dgbb-sr.html,https://www.oss.nsk.com/products/bearings/ball-bearings/deep-groove-ball-bearings/single-row-deep-groove-ball-bearings/6304-dgbb-sr.html
https://www.oss.nsk.com/products/bearings/ball-bearings/deep-groove-ball-bearings/single-row-deep-groove-ball-bearings/6304ddu-dgbb-sr.html,https://www.oss.nsk.com/products/bearings/ball-bearings/deep-groove-ball-bearings/single-row-deep-groove-ball-bearings/6304ddu-dgbb-sr.html
https://www.oss.nsk.com/products/bearings/ball-bearings/deep-groove-ball-bearings/single-row-deep-groove-ball-bearings/6304n-dgbb-sr-n.html,https://www.oss.nsk.com/products/bearings/ball-bearings/deep-groove-ball-bearings/single-row-deep-groove-ball-bearings/6304n-dgbb-sr-n.html
https://www.oss.nsk.com/products/bearings/ball-bearings/deep-groove-ball-bearings/single-row-deep-groove-ball-bearings/6304nr-dgbb-sr-nr.html,https://www.oss.nsk.com/products/bearings/ball-bearings/deep-groove-ball-bearings/single-row-deep-groove-ball-bearings/6304nr-dgbb-sr-nr.html
https://www.oss.nsk.com/products/bearings/ball-bearings/deep-groove-ball-bearings/single-row-deep-groove-ball-bearings/6304vv-dgbb-sr.html,https://www.oss.nsk.com/products/bearings/ball-bearings/deep-groove-ball-bearings/single-row-deep-groove-ball-bearings/6304vv-dgbb-sr.html
https://www.oss.nsk.com/products/bearings/ball-bearings/deep-groove-ball-bearings/single-row-deep-groove-ball-bearings/6304zz-dgbb-sr.html,https://www.oss.nsk.com/products/bearings/ball-bearings/deep-groove-ball-bearings/single-row-deep-groove-ball-bearings/6304zz-dgbb-sr.html
https://www.oss.nsk.com/products/bearings/ball-bearings/deep-groove-ball-bearings/single-row-deep-groove-ball-bearings/60-22-dgbb-sr.html,https://www.oss.nsk.com/products/bearings/ball-bearings/deep-groove-ball-bearings/single-row-deep-groove-ball-bearings/60-22-dgbb-sr.html
https://www.oss.nsk.com/products/bearings/ball-bearings/deep-groove-ball-bearings/single-row-deep-groove-ball-bearings/60-22ddu-dgbb-sr.html,https://www.oss.nsk.com/products/bearings/ball-bearings/deep-groove-ball-bearings/single-row-deep-groove-ball-bearings/60-22ddu-dgbb-sr.html
https://www.oss.nsk.com/products/bearings/ball-bearings/deep-groove-ball-bearings/single-row-deep-groove-ball-bearings/60-22n-dgbb-sr-n.html,https://www.oss.nsk.com/products/bearings/ball-bearings/deep-groove-ball-bearings/single-row-deep-groove-ball-bearings/60-22n-dgbb-sr-n.html
https://www.oss.nsk.com/products/bearings/ball-bearings/deep-groove-ball-bearings/single-row-deep-groove-ball-bearings/60-22nr-dgbb-sr-nr.html,https://www.oss.nsk.com/products/bearings/ball-bearings/deep-groove-ball-bearings/single-row-deep-groove-ball-bearings/60-22nr-dgbb-sr-nr.html
https://www.oss.nsk.com/products/bearings/ball-bearings/deep-groove-ball-bearings/single-row-deep-groove-ball-bearings/60-22vv-dgbb-sr.html,https://www.oss.nsk.com/products/bearings/ball-bearings/deep-groove-ball-bearings/single-row-deep-groove-ball-bearings/60-22vv-dgbb-sr.html
https://www.oss.nsk.com/products/bearings/ball-bearings/deep-groove-ball-bearings/single-row-deep-groove-ball-bearings/60-22zz-dgbb-sr.html,https://www.oss.nsk.com/products/bearings/ball-bearings/deep-groove-ball-bearings/single-row-deep-groove-ball-bearings/60-22zz-dgbb-sr.html
https://www.oss.nsk.com/products/bearings/ball-bearings/deep-groove-ball-bearings/single-row-deep-groove-ball-bearings/62-22-dgbb-sr.html,https://www.oss.nsk.com/products/bearings/ball-bearings/deep-groove-ball-bearings/single-row-deep-groove-ball-bearings/62-22-dgbb-sr.html
https://www.oss.nsk.com/products/bearings/ball-bearings/deep-groove-ball-bearings/single-row-deep-groove-ball-bearings/62-22ddu-dgbb-sr.html,https://www.oss.nsk.com/products/bearings/ball-bearings/deep-groove-ball-bearings/single-row-deep-groove-ball-bearings/62-22ddu-dgbb-sr.html
https://www.oss.nsk.com/products/bearings/ball-bearings/deep-groove-ball-bearings/single-row-deep-groove-ball-bearings/62-22n-dgbb-sr-n.html,https://www.oss.nsk.com/products/bearings/ball-bearings/deep-groove-ball-bearings/single-row-deep-groove-ball-bearings/62-22n-dgbb-sr-n.html
https://www.oss.nsk.com/products/bearings/ball-bearings/deep-groove-ball-bearings/single-row-deep-groove-ball-bearings/62-22nr-dgbb-sr-nr.html,https://www.oss.nsk.com/products/bearings/ball-bearings/deep-groove-ball-bearings/single-row-deep-groove-ball-bearings/62-22nr-dgbb-sr-nr.html
https://www.oss.nsk.com/products/bearings/ball-bearings/deep-groove-ball-bearings/single-row-deep-groove-ball-bearings/62-22vv-dgbb-sr.html,https://www.oss.nsk.com/products/bearings/ball-bearings/deep-groove-ball-bearings/single-row-deep-groove-ball-bearings/62-22vv-dgbb-sr.html
https://www.oss.nsk.com/products/bearings/ball-bearings/deep-groove-ball-bearings/single-row-deep-groove-ball-bearings/62-22zz-dgbb-sr.html,https://www.oss.nsk.com/products/bearings/ball-bearings/deep-groove-ball-bearings/single-row-deep-groove-ball-bearings/62-22zz-dgbb-sr.html
https://www.oss.nsk.com/products/bearings/ball-bearings/deep-groove-ball-bearings/single-row-deep-groove-ball-bearings/63-22-dgbb-sr.html,https://www.oss.nsk.com/products/bearings/ball-bearings/deep-groove-ball-bearings/single-row-deep-groove-ball-bearings/63-22-dgbb-sr.html
https://www.oss.nsk.com/products/bearings/ball-bearings/deep-groove-ball-bearings/single-row-deep-groove-ball-bearings/63-22ddu-dgbb-sr.html,https://www.oss.nsk.com/products/bearings/ball-bearings/deep-groove-ball-bearings/single-row-deep-groove-ball-bearings/63-22ddu-dgbb-sr.html
https://www.oss.nsk.com/products/bearings/ball-bearings/deep-groove-ball-bearings/single-row-deep-groove-ball-bearings/63-22n-dgbb-sr-n.html,https://www.oss.nsk.com/products/bearings/ball-bearings/deep-groove-ball-bearings/single-row-deep-groove-ball-bearings/63-22n-dgbb-sr-n.html
https://www.oss.nsk.com/products/bearings/ball-bearings/deep-groove-ball-bearings/single-row-deep-groove-ball-bearings/63-22nr-dgbb-sr-nr.html,https://www.oss.nsk.com/products/bearings/ball-bearings/deep-groove-ball-bearings/single-row-deep-groove-ball-bearings/63-22nr-dgbb-sr-nr.html
https://www.oss.nsk.com/products/bearings/ball-bearings/deep-groove-ball-bearings/single-row-deep-groove-ball-bearings/63-22vv-dgbb-sr.html,https://www.oss.nsk.com/products/bearings/ball-bearings/deep-groove-ball-bearings/single-row-deep-groove-ball-bearings/63-22vv-dgbb-sr.html
https://www.oss.nsk.com/products/bearings/ball-bearings/deep-groove-ball-bearings/single-row-deep-groove-ball-bearings/63-22zz-dgbb-sr.html,https://www.oss.nsk.com/products/bearings/ball-bearings/deep-groove-ball-bearings/single-row-deep-groove-ball-bearings/63-22zz-dgbb-sr.html
https://www.oss.nsk.com/products/bearings/ball-bearings/deep-groove-ball-bearings/single-row-deep-groove-ball-bearings/6805-dgbb-sr.html,https://www.oss.nsk.com/products/bearings/ball-bearings/deep-groove-ball-bearings/single-row-deep-groove-ball-bearings/6805-dgbb-sr.html
https://www.oss.nsk.com/products/bearings/ball-bearings/deep-groove-ball-bearings/single-row-deep-groove-ball-bearings/6805dd-dgbb-sr.html,https://www.oss.nsk.com/products/bearings/ball-bearings/deep-groove-ball-bearings/single-row-deep-groove-ball-bearings/6805dd-dgbb-sr.html
https://www.oss.nsk.com/products/bearings/ball-bearings/deep-groove-ball-bearings/single-row-deep-groove-ball-bearings/6805n-dgbb-sr-n.html,https://www.oss.nsk.com/products/bearings/ball-bearings/deep-groove-ball-bearings/single-row-deep-groove-ball-bearings/6805n-dgbb-sr-n.html
https://www.oss.nsk.com/products/bearings/ball-bearings/deep-groove-ball-bearings/single-row-deep-groove-ball-bearings/6805nr-dgbb-sr-nr.html,https://www.oss.nsk.com/products/bearings/ball-bearings/deep-groove-ball-bearings/single-row-deep-groove-ball-bearings/6805nr-dgbb-sr-nr.html
https://www.oss.nsk.com/products/bearings/ball-bearings/deep-groove-ball-bearings/single-row-deep-groove-ball-bearings/6805vv-dgbb-sr.html,https://www.oss.nsk.com/products/bearings/ball-bearings/deep-groove-ball-bearings/single-row-deep-groove-ball-bearings/6805vv-dgbb-sr.html
https://www.oss.nsk.com/products/bearings/ball-bearings/deep-groove-ball-bearings/single-row-deep-groove-ball-bearings/6805zz-dgbb-sr.html,https://www.oss.nsk.com/products/bearings/ball-bearings/deep-groove-ball-bearings/single-row-deep-groove-ball-bearings/6805zz-dgbb-sr.html
https://www.oss.nsk.com/products/bearings/ball-bearings/deep-groove-ball-bearings/single-row-deep-groove-ball-bearings/6905ddu-dgbb-sr.html,https://www.oss.nsk.com/products/bearings/ball-bearings/deep-groove-ball-bearings/single-row-deep-groove-ball-bearings/6905ddu-dgbb-sr.html
https://www.oss.nsk.com/products/bearings/ball-bearings/deep-groove-ball-bearings/single-row-deep-groove-ball-bearings/6905n-dgbb-sr-n.html,https://www.oss.nsk.com/products/bearings/ball-bearings/deep-groove-ball-bearings/single-row-deep-groove-ball-bearings/6905n-dgbb-sr-n.html
https://www.oss.nsk.com/products/bearings/ball-bearings/deep-groove-ball-bearings/single-row-deep-groove-ball-bearings/6905nr-dgbb-sr-nr.html,https://www.oss.nsk.com/products/bearings/ball-bearings/deep-groove-ball-bearings/single-row-deep-groove-ball-bearings/6905nr-dgbb-sr-nr.html
https://www.oss.nsk.com/products/bearings/ball-bearings/deep-groove-ball-bearings/single-row-deep-groove-ball-bearings/6905vv-dgbb-sr.html,https://www.oss.nsk.com/products/bearings/ball-bearings/deep-groove-ball-bearings/single-row-deep-groove-ball-bearings/6905vv-dgbb-sr.html
https://www.oss.nsk.com/products/bearings/ball-bearings/deep-groove-ball-bearings/single-row-deep-groove-ball-bearings/6905zz-dgbb-sr.html,https://www.oss.nsk.com/products/bearings/ball-bearings/deep-groove-ball-bearings/single-row-deep-groove-ball-bearings/6905zz-dgbb-sr.html
https://www.oss.nsk.com/products/bearings/ball-bearings/deep-groove-ball-bearings/single-row-deep-groove-ball-bearings/16005-dgbb-sr.html,https://www.oss.nsk.com/products/bearings/ball-bearings/deep-groove-ball-bearings/single-row-deep-groove-ball-bearings/16005-dgbb-sr.html
https://www.oss.nsk.com/products/bearings/ball-bearings/deep-groove-ball-bearings/single-row-deep-groove-ball-bearings/6005-dgbb-sr.html,https://www.oss.nsk.com/products/bearings/ball-bearings/deep-groove-ball-bearings/single-row-deep-groove-ball-bearings/6005-dgbb-sr.html
https://www.oss.nsk.com/products/bearings/ball-bearings/deep-groove-ball-bearings/single-row-deep-groove-ball-bearings/6005ddu-dgbb-sr.html,https://www.oss.nsk.com/products/bearings/ball-bearings/deep-groove-ball-bearings/single-row-deep-groove-ball-bearings/6005ddu-dgbb-sr.html
https://www.oss.nsk.com/products/bearings/ball-bearings/deep-groove-ball-bearings/single-row-deep-groove-ball-bearings/6005n-dgbb-sr-n.html,https://www.oss.nsk.com/products/bearings/ball-bearings/deep-groove-ball-bearings/single-row-deep-groove-ball-bearings/6005n-dgbb-sr-n.html
https://www.oss.nsk.com/products/bearings/ball-bearings/deep-groove-ball-bearings/single-row-deep-groove-ball-bearings/6005nr-dgbb-sr-nr.html,https://www.oss.nsk.com/products/bearings/ball-bearings/deep-groove-ball-bearings/single-row-deep-groove-ball-bearings/6005nr-dgbb-sr-nr.html
https://www.oss.nsk.com/products/bearings/ball-bearings/deep-groove-ball-bearings/single-row-deep-groove-ball-bearings/6005vv-dgbb-sr.html,https://www.oss.nsk.com/products/bearings/ball-bearings/deep-groove-ball-bearings/single-row-deep-groove-ball-bearings/6005vv-dgbb-sr.html
https://www.oss.nsk.com/products/bearings/ball-bearings/deep-groove-ball-bearings/single-row-deep-groove-ball-bearings/6005zz-dgbb-sr.html,https://www.oss.nsk.com/products/bearings/ball-bearings/deep-groove-ball-bearings/single-row-deep-groove-ball-bearings/6005zz-dgbb-sr.html
https://www.oss.nsk.com/products/bearings/ball-bearings/deep-groove-ball-bearings/single-row-deep-groove-ball-bearings/6006-dgbb-sr.html,https://www.oss.nsk.com/products/bearings/ball-bearings/deep-groove-ball-bearings/single-row-deep-groove-ball-bearings/6006-dgbb-sr.html
https://www.oss.nsk.com/products/bearings/ball-bearings/deep-groove-ball-bearings/single-row-deep-groove-ball-bearings/6205-dgbb-sr.html,https://www.oss.nsk.com/products/bearings/ball-bearings/deep-groove-ball-bearings/single-row-deep-groove-ball-bearings/6205-dgbb-sr.html
https://www.oss.nsk.com/products/bearings/ball-bearings/deep-groove-ball-bearings/single-row-deep-groove-ball-bearings/6205ddu-dgbb-sr.html,https://www.oss.nsk.com/products/bearings/ball-bearings/deep-groove-ball-bearings/single-row-deep-groove-ball-bearings/6205ddu-dgbb-sr.html
https://www.oss.nsk.com/products/bearings/ball-bearings/deep-groove-ball-bearings/single-row-deep-groove-ball-bearings/6205n-dgbb-sr-n.html,https://www.oss.nsk.com/products/bearings/ball-bearings/deep-groove-ball-bearings/single-row-deep-groove-ball-bearings/6205n-dgbb-sr-n.html
https://www.oss.nsk.com/products/bearings/ball-bearings/deep-groove-ball-bearings/single-row-deep-groove-ball-bearings/6205nr-dgbb-sr-nr.html,https://www.oss.nsk.com/products/bearings/ball-bearings/deep-groove-ball-bearings/single-row-deep-groove-ball-bearings/6205nr-dgbb-sr-nr.html
https://www.oss.nsk.com/products/bearings/ball-bearings/deep-groove-ball-bearings/single-row-deep-groove-ball-bearings/6205vv-dgbb-sr.html,https://www.oss.nsk.com/products/bearings/ball-bearings/deep-groove-ball-bearings/single-row-deep-groove-ball-bearings/6205vv-dgbb-sr.html
https://www.oss.nsk.com/products/bearings/ball-bearings/deep-groove-ball-bearings/single-row-deep-groove-ball-bearings/6205zz-dgbb-sr.html,https://www.oss.nsk.com/products/bearings/ball-bearings/deep-groove-ball-bearings/single-row-deep-groove-ball-bearings/6205zz-dgbb-sr.html
https://www.oss.nsk.com/products/bearings/ball-bearings/deep-groove-ball-bearings/single-row-deep-groove-ball-bearings/6305-dgbb-sr.html,https://www.oss.nsk.com/products/bearings/ball-bearings/deep-groove-ball-bearings/single-row-deep-groove-ball-bearings/6305-dgbb-sr.html
https://www.oss.nsk.com/products/bearings/ball-bearings/deep-groove-ball-bearings/single-row-deep-groove-ball-bearings/6305ddu-dgbb-sr.html,https://www.oss.nsk.com/products/bearings/ball-bearings/deep-groove-ball-bearings/single-row-deep-groove-ball-bearings/6305ddu-dgbb-sr.html
https://www.oss.nsk.com/products/bearings/ball-bearings/deep-groove-ball-bearings/single-row-deep-groove-ball-bearings/6305n-dgbb-sr-n.html,https://www.oss.nsk.com/products/bearings/ball-bearings/deep-groove-ball-bearings/single-row-deep-groove-ball-bearings/6305n-dgbb-sr-n.html
https://www.oss.nsk.com/products/bearings/ball-bearings/deep-groove-ball-bearings/single-row-deep-groove-ball-bearings/6305nr-dgbb-sr-nr.html,https://www.oss.nsk.com/products/bearings/ball-bearings/deep-groove-ball-bearings/single-row-deep-groove-ball-bearings/6305nr-dgbb-sr-nr.html
https://www.oss.nsk.com/products/bearings/ball-bearings/deep-groove-ball-bearings/single-row-deep-groove-ball-bearings/6305vv-dgbb-sr.html,https://www.oss.nsk.com/products/bearings/ball-bearings/deep-groove-ball-bearings/single-row-deep-groove-ball-bearings/6305vv-dgbb-sr.html
https://www.oss.nsk.com/products/bearings/ball-bearings/deep-groove-ball-bearings/single-row-deep-groove-ball-bearings/6305zz-dgbb-sr.html,https://www.oss.nsk.com/products/bearings/ball-bearings/deep-groove-ball-bearings/single-row-deep-groove-ball-bearings/6305zz-dgbb-sr.html
https://www.oss.nsk.com/products/bearings/ball-bearings/deep-groove-ball-bearings/single-row-deep-groove-ball-bearings/60-28-dgbb-sr.html,https://www.oss.nsk.com/products/bearings/ball-bearings/deep-groove-ball-bearings/single-row-deep-groove-ball-bearings/60-28-dgbb-sr.html
https://www.oss.nsk.com/products/bearings/ball-bearings/deep-groove-ball-bearings/single-row-deep-groove-ball-bearings/60-28addu-dgbb-sr.html,https://www.oss.nsk.com/products/bearings/ball-bearings/deep-groove-ball-bearings/single-row-deep-groove-ball-bearings/60-28addu-dgbb-sr.html
https://www.oss.nsk.com/products/bearings/ball-bearings/deep-groove-ball-bearings/single-row-deep-groove-ball-bearings/60-28n-dgbb-sr-n.html,https://www.oss.nsk.com/products/bearings/ball-bearings/deep-groove-ball-bearings/single-row-deep-groove-ball-bearings/60-28n-dgbb-sr-n.html
https://www.oss.nsk.com/products/bearings/ball-bearings/deep-groove-ball-bearings/single-row-deep-groove-ball-bearings/60-28nr-dgbb-sr-nr.html,https://www.oss.nsk.com/products/bearings/ball-bearings/deep-groove-ball-bearings/single-row-deep-groove-ball-bearings/60-28nr-dgbb-sr-nr.html
https://www.oss.nsk.com/products/bearings/ball-bearings/deep-groove-ball-bearings/single-row-deep-groove-ball-bearings/60-28avv-dgbb-sr.html,https://www.oss.nsk.com/products/bearings/ball-bearings/deep-groove-ball-bearings/single-row-deep-groove-ball-bearings/60-28avv-dgbb-sr.html
https://www.oss.nsk.com/products/bearings/ball-bearings/deep-groove-ball-bearings/single-row-deep-groove-ball-bearings/60-28azz-dgbb-sr.html,https://www.oss.nsk.com/products/bearings/ball-bearings/deep-groove-ball-bearings/single-row-deep-groove-ball-bearings/60-28azz-dgbb-sr.html
https://www.oss.nsk.com/products/bearings/ball-bearings/deep-groove-ball-bearings/single-row-deep-groove-ball-bearings/62-28-dgbb-sr.html,https://www.oss.nsk.com/products/bearings/ball-bearings/deep-groove-ball-bearings/single-row-deep-groove-ball-bearings/62-28-dgbb-sr.html
https://www.oss.nsk.com/products/bearings/ball-bearings/deep-groove-ball-bearings/single-row-deep-groove-ball-bearings/62-28ddu-dgbb-sr.html,https://www.oss.nsk.com/products/bearings/ball-bearings/deep-groove-ball-bearings/single-row-deep-groove-ball-bearings/62-28ddu-dgbb-sr.html
https://www.oss.nsk.com/products/bearings/ball-bearings/deep-groove-ball-bearings/single-row-deep-groove-ball-bearings/62-28n-dgbb-sr-n.html,https://www.oss.nsk.com/products/bearings/ball-bearings/deep-groove-ball-bearings/single-row-deep-groove-ball-bearings/62-28n-dgbb-sr-n.html
https://www.oss.nsk.com/products/bearings/ball-bearings/deep-groove-ball-bearings/single-row-deep-groove-ball-bearings/62-28nr-dgbb-sr-nr.html,https://www.oss.nsk.com/products/bearings/ball-bearings/deep-groove-ball-bearings/single-row-deep-groove-ball-bearings/62-28nr-dgbb-sr-nr.html
https://www.oss.nsk.com/products/bearings/ball-bearings/deep-groove-ball-bearings/single-row-deep-groove-ball-bearings/62-28vv-dgbb-sr.html,https://www.oss.nsk.com/products/bearings/ball-bearings/deep-groove-ball-bearings/single-row-deep-groove-ball-bearings/62-28vv-dgbb-sr.html
https://www.oss.nsk.com/products/bearings/ball-bearings/deep-groove-ball-bearings/single-row-deep-groove-ball-bearings/62-28zz-dgbb-sr.html,https://www.oss.nsk.com/products/bearings/ball-bearings/deep-groove-ball-bearings/single-row-deep-groove-ball-bearings/62-28zz-dgbb-sr.html
https://www.oss.nsk.com/products/bearings/ball-bearings/deep-groove-ball-bearings/single-row-deep-groove-ball-bearings/63-28-dgbb-sr.html,https://www.oss.nsk.com/products/bearings/ball-bearings/deep-groove-ball-bearings/single-row-deep-groove-ball-bearings/63-28-dgbb-sr.html
https://www.oss.nsk.com/products/bearings/ball-bearings/deep-groove-ball-bearings/single-row-deep-groove-ball-bearings/63-28ddu-dgbb-sr.html,https://www.oss.nsk.com/products/bearings/ball-bearings/deep-groove-ball-bearings/single-row-deep-groove-ball-bearings/63-28ddu-dgbb-sr.html
https://www.oss.nsk.com/products/bearings/ball-bearings/deep-groove-ball-bearings/single-row-deep-groove-ball-bearings/63-28n-dgbb-sr-n.html,https://www.oss.nsk.com/products/bearings/ball-bearings/deep-groove-ball-bearings/single-row-deep-groove-ball-bearings/63-28n-dgbb-sr-n.html
https://www.oss.nsk.com/products/bearings/ball-bearings/deep-groove-ball-bearings/single-row-deep-groove-ball-bearings/63-28nr-dgbb-sr-nr.html,https://www.oss.nsk.com/products/bearings/ball-bearings/deep-groove-ball-bearings/single-row-deep-groove-ball-bearings/63-28nr-dgbb-sr-nr.html
https://www.oss.nsk.com/products/bearings/ball-bearings/deep-groove-ball-bearings/single-row-deep-groove-ball-bearings/63-28vv-dgbb-sr.html,https://www.oss.nsk.com/products/bearings/ball-bearings/deep-groove-ball-bearings/single-row-deep-groove-ball-bearings/63-28vv-dgbb-sr.html
https://www.oss.nsk.com/products/bearings/ball-bearings/deep-groove-ball-bearings/single-row-deep-groove-ball-bearings/63-28zz-dgbb-sr.html,https://www.oss.nsk.com/products/bearings/ball-bearings/deep-groove-ball-bearings/single-row-deep-groove-ball-bearings/63-28zz-dgbb-sr.html
https://www.oss.nsk.com/products/bearings/ball-bearings/deep-groove-ball-bearings/single-row-deep-groove-ball-bearings/6806-dgbb-sr.html,https://www.oss.nsk.com/products/bearings/ball-bearings/deep-groove-ball-bearings/single-row-deep-groove-ball-bearings/6806-dgbb-sr.html
https://www.oss.nsk.com/products/bearings/ball-bearings/deep-groove-ball-bearings/single-row-deep-groove-ball-bearings/6806dd-dgbb-sr.html,https://www.oss.nsk.com/products/bearings/ball-bearings/deep-groove-ball-bearings/single-row-deep-groove-ball-bearings/6806dd-dgbb-sr.html
https://www.oss.nsk.com/products/bearings/ball-bearings/deep-groove-ball-bearings/single-row-deep-groove-ball-bearings/6806n-dgbb-sr-n.html,https://www.oss.nsk.com/products/bearings/ball-bearings/deep-groove-ball-bearings/single-row-deep-groove-ball-bearings/6806n-dgbb-sr-n.html
https://www.oss.nsk.com/products/bearings/ball-bearings/deep-groove-ball-bearings/single-row-deep-groove-ball-bearings/6806nr-dgbb-sr-nr.html,https://www.oss.nsk.com/products/bearings/ball-bearings/deep-groove-ball-bearings/single-row-deep-groove-ball-bearings/6806nr-dgbb-sr-nr.html
https://www.oss.nsk.com/products/bearings/ball-bearings/deep-groove-ball-bearings/single-row-deep-groove-ball-bearings/6806vv-dgbb-sr.html,https://www.oss.nsk.com/products/bearings/ball-bearings/deep-groove-ball-bearings/single-row-deep-groove-ball-bearings/6806vv-dgbb-sr.html
https://www.oss.nsk.com/products/bearings/ball-bearings/deep-groove-ball-bearings/single-row-deep-groove-ball-bearings/6806zz-dgbb-sr.html,https://www.oss.nsk.com/products/bearings/ball-bearings/deep-groove-ball-bearings/single-row-deep-groove-ball-bearings/6806zz-dgbb-sr.html
https://www.oss.nsk.com/products/bearings/ball-bearings/deep-groove-ball-bearings/single-row-deep-groove-ball-bearings/6906-dgbb-sr.html,https://www.oss.nsk.com/products/bearings/ball-bearings/deep-groove-ball-bearings/single-row-deep-groove-ball-bearings/6906-dgbb-sr.html
https://www.oss.nsk.com/products/bearings/ball-bearings/deep-groove-ball-bearings/single-row-deep-groove-ball-bearings/6906ddu-dgbb-sr.html,https://www.oss.nsk.com/products/bearings/ball-bearings/deep-groove-ball-bearings/single-row-deep-groove-ball-bearings/6906ddu-dgbb-sr.html
https://www.oss.nsk.com/products/bearings/ball-bearings/deep-groove-ball-bearings/single-row-deep-groove-ball-bearings/6906n-dgbb-sr-n.html,https://www.oss.nsk.com/products/bearings/ball-bearings/deep-groove-ball-bearings/single-row-deep-groove-ball-bearings/6906n-dgbb-sr-n.html
https://www.oss.nsk.com/products/bearings/ball-bearings/deep-groove-ball-bearings/single-row-deep-groove-ball-bearings/6906nr-dgbb-sr-nr.html,https://www.oss.nsk.com/products/bearings/ball-bearings/deep-groove-ball-bearings/single-row-deep-groove-ball-bearings/6906nr-dgbb-sr-nr.html
https://www.oss.nsk.com/products/bearings/ball-bearings/deep-groove-ball-bearings/single-row-deep-groove-ball-bearings/6906vv-dgbb-sr.html,https://www.oss.nsk.com/products/bearings/ball-bearings/deep-groove-ball-bearings/single-row-deep-groove-ball-bearings/6906vv-dgbb-sr.html
https://www.oss.nsk.com/products/bearings/ball-bearings/deep-groove-ball-bearings/single-row-deep-groove-ball-bearings/6906zz-dgbb-sr.html,https://www.oss.nsk.com/products/bearings/ball-bearings/deep-groove-ball-bearings/single-row-deep-groove-ball-bearings/6906zz-dgbb-sr.html
https://www.oss.nsk.com/products/bearings/ball-bearings/deep-groove-ball-bearings/single-row-deep-groove-ball-bearings/16006-dgbb-sr.html,https://www.oss.nsk.com/products/bearings/ball-bearings/deep-groove-ball-bearings/single-row-deep-groove-ball-bearings/16006-dgbb-sr.html
https://www.oss.nsk.com/products/bearings/ball-bearings/deep-groove-ball-bearings/single-row-deep-groove-ball-bearings/6006ddu-dgbb-sr.html,https://www.oss.nsk.com/products/bearings/ball-bearings/deep-groove-ball-bearings/single-row-deep-groove-ball-bearings/6006ddu-dgbb-sr.html
https://www.oss.nsk.com/products/bearings/ball-bearings/deep-groove-ball-bearings/single-row-deep-groove-ball-bearings/6006n-dgbb-sr-n.html,https://www.oss.nsk.com/products/bearings/ball-bearings/deep-groove-ball-bearings/single-row-deep-groove-ball-bearings/6006n-dgbb-sr-n.html
https://www.oss.nsk.com/products/bearings/ball-bearings/deep-groove-ball-bearings/single-row-deep-groove-ball-bearings/6006nr-dgbb-sr-nr.html,https://www.oss.nsk.com/products/bearings/ball-bearings/deep-groove-ball-bearings/single-row-deep-groove-ball-bearings/6006nr-dgbb-sr-nr.html
https://www.oss.nsk.com/products/bearings/ball-bearings/deep-groove-ball-bearings/single-row-deep-groove-ball-bearings/6006vv-dgbb-sr.html,https://www.oss.nsk.com/products/bearings/ball-bearings/deep-groove-ball-bearings/single-row-deep-groove-ball-bearings/6006vv-dgbb-sr.html
https://www.oss.nsk.com/products/bearings/ball-bearings/deep-groove-ball-bearings/single-row-deep-groove-ball-bearings/6006zz-dgbb-sr.html,https://www.oss.nsk.com/products/bearings/ball-bearings/deep-groove-ball-bearings/single-row-deep-groove-ball-bearings/6006zz-dgbb-sr.html
https://www.oss.nsk.com/products/bearings/ball-bearings/deep-groove-ball-bearings/single-row-deep-groove-ball-bearings/6206-dgbb-sr.html,https://www.oss.nsk.com/products/bearings/ball-bearings/deep-groove-ball-bearings/single-row-deep-groove-ball-bearings/6206-dgbb-sr.html
https://www.oss.nsk.com/products/bearings/ball-bearings/deep-groove-ball-bearings/single-row-deep-groove-ball-bearings/6206ddu-dgbb-sr.html,https://www.oss.nsk.com/products/bearings/ball-bearings/deep-groove-ball-bearings/single-row-deep-groove-ball-bearings/6206ddu-dgbb-sr.html
https://www.oss.nsk.com/products/bearings/ball-bearings/deep-groove-ball-bearings/single-row-deep-groove-ball-bearings/6206n-dgbb-sr-n.html,https://www.oss.nsk.com/products/bearings/ball-bearings/deep-groove-ball-bearings/single-row-deep-groove-ball-bearings/6206n-dgbb-sr-n.html
https://www.oss.nsk.com/products/bearings/ball-bearings/deep-groove-ball-bearings/single-row-deep-groove-ball-bearings/6206nr-dgbb-sr-nr.html,https://www.oss.nsk.com/products/bearings/ball-bearings/deep-groove-ball-bearings/single-row-deep-groove-ball-bearings/6206nr-dgbb-sr-nr.html
https://www.oss.nsk.com/products/bearings/ball-bearings/deep-groove-ball-bearings/single-row-deep-groove-ball-bearings/6206vv-dgbb-sr.html,https://www.oss.nsk.com/products/bearings/ball-bearings/deep-groove-ball-bearings/single-row-deep-groove-ball-bearings/6206vv-dgbb-sr.html
https://www.oss.nsk.com/products/bearings/ball-bearings/deep-groove-ball-bearings/single-row-deep-groove-ball-bearings/6206zz-dgbb-sr.html,https://www.oss.nsk.com/products/bearings/ball-bearings/deep-groove-ball-bearings/single-row-deep-groove-ball-bearings/6206zz-dgbb-sr.html
https://www.oss.nsk.com/products/bearings/ball-bearings/deep-groove-ball-bearings/single-row-deep-groove-ball-bearings/6306-dgbb-sr.html,https://www.oss.nsk.com/products/bearings/ball-bearings/deep-groove-ball-bearings/single-row-deep-groove-ball-bearings/6306-dgbb-sr.html
https://www.oss.nsk.com/products/bearings/ball-bearings/deep-groove-ball-bearings/single-row-deep-groove-ball-bearings/6306ddu-dgbb-sr.html,https://www.oss.nsk.com/products/bearings/ball-bearings/deep-groove-ball-bearings/single-row-deep-groove-ball-bearings/6306ddu-dgbb-sr.html
https://www.oss.nsk.com/products/bearings/ball-bearings/deep-groove-ball-bearings/single-row-deep-groove-ball-bearings/6306n-dgbb-sr-n.html,https://www.oss.nsk.com/products/bearings/ball-bearings/deep-groove-ball-bearings/single-row-deep-groove-ball-bearings/6306n-dgbb-sr-n.html
https://www.oss.nsk.com/products/bearings/ball-bearings/deep-groove-ball-bearings/single-row-deep-groove-ball-bearings/6306nr-dgbb-sr-nr.html,https://www.oss.nsk.com/products/bearings/ball-bearings/deep-groove-ball-bearings/single-row-deep-groove-ball-bearings/6306nr-dgbb-sr-nr.html
https://www.oss.nsk.com/products/bearings/ball-bearings/deep-groove-ball-bearings/single-row-deep-groove-ball-bearings/6306vv-dgbb-sr.html,https://www.oss.nsk.com/products/bearings/ball-bearings/deep-groove-ball-bearings/single-row-deep-groove-ball-bearings/6306vv-dgbb-sr.html
https://www.oss.nsk.com/products/bearings/ball-bearings/deep-groove-ball-bearings/single-row-deep-groove-ball-bearings/6306zz-dgbb-sr.html,https://www.oss.nsk.com/products/bearings/ball-bearings/deep-groove-ball-bearings/single-row-deep-groove-ball-bearings/6306zz-dgbb-sr.html
https://www.oss.nsk.com/products/bearings/ball-bearings/deep-groove-ball-bearings/single-row-deep-groove-ball-bearings/60-32-dgbb-sr.html,https://www.oss.nsk.com/products/bearings/ball-bearings/deep-groove-ball-bearings/single-row-deep-groove-ball-bearings/60-32-dgbb-sr.html
https://www.oss.nsk.com/products/bearings/ball-bearings/deep-groove-ball-bearings/single-row-deep-groove-ball-bearings/60-32ddu-dgbb-sr.html,https://www.oss.nsk.com/products/bearings/ball-bearings/deep-groove-ball-bearings/single-row-deep-groove-ball-bearings/60-32ddu-dgbb-sr.html
https://www.oss.nsk.com/products/bearings/ball-bearings/deep-groove-ball-bearings/single-row-deep-groove-ball-bearings/60-32n-dgbb-sr-n.html,https://www.oss.nsk.com/products/bearings/ball-bearings/deep-groove-ball-bearings/single-row-deep-groove-ball-bearings/60-32n-dgbb-sr-n.html
https://www.oss.nsk.com/products/bearings/ball-bearings/deep-groove-ball-bearings/single-row-deep-groove-ball-bearings/60-32nr-dgbb-sr-nr.html,https://www.oss.nsk.com/products/bearings/ball-bearings/deep-groove-ball-bearings/single-row-deep-groove-ball-bearings/60-32nr-dgbb-sr-nr.html
https://www.oss.nsk.com/products/bearings/ball-bearings/deep-groove-ball-bearings/single-row-deep-groove-ball-bearings/60-32vv-dgbb-sr.html,https://www.oss.nsk.com/products/bearings/ball-bearings/deep-groove-ball-bearings/single-row-deep-groove-ball-bearings/60-32vv-dgbb-sr.html
https://www.oss.nsk.com/products/bearings/ball-bearings/deep-groove-ball-bearings/single-row-deep-groove-ball-bearings/60-32zz-dgbb-sr.html,https://www.oss.nsk.com/products/bearings/ball-bearings/deep-groove-ball-bearings/single-row-deep-groove-ball-bearings/60-32zz-dgbb-sr.html
https://www.oss.nsk.com/products/bearings/ball-bearings/deep-groove-ball-bearings/single-row-deep-groove-ball-bearings/62-32-dgbb-sr.html,https://www.oss.nsk.com/products/bearings/ball-bearings/deep-groove-ball-bearings/single-row-deep-groove-ball-bearings/62-32-dgbb-sr.html
https://www.oss.nsk.com/products/bearings/ball-bearings/deep-groove-ball-bearings/single-row-deep-groove-ball-bearings/62-32ddu-dgbb-sr.html,https://www.oss.nsk.com/products/bearings/ball-bearings/deep-groove-ball-bearings/single-row-deep-groove-ball-bearings/62-32ddu-dgbb-sr.html
https://www.oss.nsk.com/products/bearings/ball-bearings/deep-groove-ball-bearings/single-row-deep-groove-ball-bearings/62-32n-dgbb-sr-n.html,https://www.oss.nsk.com/products/bearings/ball-bearings/deep-groove-ball-bearings/single-row-deep-groove-ball-bearings/62-32n-dgbb-sr-n.html
https://www.oss.nsk.com/products/bearings/ball-bearings/deep-groove-ball-bearings/single-row-deep-groove-ball-bearings/62-32nr-dgbb-sr-nr.html,https://www.oss.nsk.com/products/bearings/ball-bearings/deep-groove-ball-bearings/single-row-deep-groove-ball-bearings/62-32nr-dgbb-sr-nr.html
https://www.oss.nsk.com/products/bearings/ball-bearings/deep-groove-ball-bearings/single-row-deep-groove-ball-bearings/62-32vv-dgbb-sr.html,https://www.oss.nsk.com/products/bearings/ball-bearings/deep-groove-ball-bearings/single-row-deep-groove-ball-bearings/62-32vv-dgbb-sr.html
https://www.oss.nsk.com/products/bearings/ball-bearings/deep-groove-ball-bearings/single-row-deep-groove-ball-bearings/62-32zz-dgbb-sr.html,https://www.oss.nsk.com/products/bearings/ball-bearings/deep-groove-ball-bearings/single-row-deep-groove-ball-bearings/62-32zz-dgbb-sr.html
https://www.oss.nsk.com/products/bearings/ball-bearings/deep-groove-ball-bearings/single-row-deep-groove-ball-bearings/63-32-dgbb-sr.html,https://www.oss.nsk.com/products/bearings/ball-bearings/deep-groove-ball-bearings/single-row-deep-groove-ball-bearings/63-32-dgbb-sr.html
https://www.oss.nsk.com/products/bearings/ball-bearings/deep-groove-ball-bearings/single-row-deep-groove-ball-bearings/63-32ddu-dgbb-sr.html,https://www.oss.nsk.com/products/bearings/ball-bearings/deep-groove-ball-bearings/single-row-deep-groove-ball-bearings/63-32ddu-dgbb-sr.html
https://www.oss.nsk.com/products/bearings/ball-bearings/deep-groove-ball-bearings/single-row-deep-groove-ball-bearings/63-32n-dgbb-sr-n.html,https://www.oss.nsk.com/products/bearings/ball-bearings/deep-groove-ball-bearings/single-row-deep-groove-ball-bearings/63-32n-dgbb-sr-n.html
https://www.oss.nsk.com/products/bearings/ball-bearings/deep-groove-ball-bearings/single-row-deep-groove-ball-bearings/63-32nr-dgbb-sr-nr.html,https://www.oss.nsk.com/products/bearings/ball-bearings/deep-groove-ball-bearings/single-row-deep-groove-ball-bearings/63-32nr-dgbb-sr-nr.html
https://www.oss.nsk.com/products/bearings/ball-bearings/deep-groove-ball-bearings/single-row-deep-groove-ball-bearings/63-32vv-dgbb-sr.html,https://www.oss.nsk.com/products/bearings/ball-bearings/deep-groove-ball-bearings/single-row-deep-groove-ball-bearings/63-32vv-dgbb-sr.html
https://www.oss.nsk.com/products/bearings/ball-bearings/deep-groove-ball-bearings/single-row-deep-groove-ball-bearings/63-32zz-dgbb-sr.html,https://www.oss.nsk.com/products/bearings/ball-bearings/deep-groove-ball-bearings/single-row-deep-groove-ball-bearings/63-32zz-dgbb-sr.html
https://www.oss.nsk.com/products/bearings/ball-bearings/deep-groove-ball-bearings/single-row-deep-groove-ball-bearings/6807-dgbb-sr.html,https://www.oss.nsk.com/products/bearings/ball-bearings/deep-groove-ball-bearings/single-row-deep-groove-ball-bearings/6807-dgbb-sr.html
https://www.oss.nsk.com/products/bearings/ball-bearings/deep-groove-ball-bearings/single-row-deep-groove-ball-bearings/6807dd-dgbb-sr.html,https://www.oss.nsk.com/products/bearings/ball-bearings/deep-groove-ball-bearings/single-row-deep-groove-ball-bearings/6807dd-dgbb-sr.html
https://www.oss.nsk.com/products/bearings/ball-bearings/deep-groove-ball-bearings/single-row-deep-groove-ball-bearings/6807n-dgbb-sr-n.html,https://www.oss.nsk.com/products/bearings/ball-bearings/deep-groove-ball-bearings/single-row-deep-groove-ball-bearings/6807n-dgbb-sr-n.html
https://www.oss.nsk.com/products/bearings/ball-bearings/deep-groove-ball-bearings/single-row-deep-groove-ball-bearings/6807nr-dgbb-sr-nr.html,https://www.oss.nsk.com/products/bearings/ball-bearings/deep-groove-ball-bearings/single-row-deep-groove-ball-bearings/6807nr-dgbb-sr-nr.html
https://www.oss.nsk.com/products/bearings/ball-bearings/deep-groove-ball-bearings/single-row-deep-groove-ball-bearings/6807vv-dgbb-sr.html,https://www.oss.nsk.com/products/bearings/ball-bearings/deep-groove-ball-bearings/single-row-deep-groove-ball-bearings/6807vv-dgbb-sr.html
https://www.oss.nsk.com/products/bearings/ball-bearings/deep-groove-ball-bearings/single-row-deep-groove-ball-bearings/6807zz-dgbb-sr.html,https://www.oss.nsk.com/products/bearings/ball-bearings/deep-groove-ball-bearings/single-row-deep-groove-ball-bearings/6807zz-dgbb-sr.html
https://www.oss.nsk.com/products/bearings/ball-bearings/deep-groove-ball-bearings/single-row-deep-groove-ball-bearings/6907-dgbb-sr.html,https://www.oss.nsk.com/products/bearings/ball-bearings/deep-groove-ball-bearings/single-row-deep-groove-ball-bearings/6907-dgbb-sr.html
https://www.oss.nsk.com/products/bearings/ball-bearings/deep-groove-ball-bearings/single-row-deep-groove-ball-bearings/6907ddu-dgbb-sr.html,https://www.oss.nsk.com/products/bearings/ball-bearings/deep-groove-ball-bearings/single-row-deep-groove-ball-bearings/6907ddu-dgbb-sr.html
https://www.oss.nsk.com/products/bearings/ball-bearings/deep-groove-ball-bearings/single-row-deep-groove-ball-bearings/6907n-dgbb-sr-n.html,https://www.oss.nsk.com/products/bearings/ball-bearings/deep-groove-ball-bearings/single-row-deep-groove-ball-bearings/6907n-dgbb-sr-n.html
https://www.oss.nsk.com/products/bearings/ball-bearings/deep-groove-ball-bearings/single-row-deep-groove-ball-bearings/6907nr-dgbb-sr-nr.html,https://www.oss.nsk.com/products/bearings/ball-bearings/deep-groove-ball-bearings/single-row-deep-groove-ball-bearings/6907nr-dgbb-sr-nr.html
https://www.oss.nsk.com/products/bearings/ball-bearings/deep-groove-ball-bearings/single-row-deep-groove-ball-bearings/6907vv-dgbb-sr.html,https://www.oss.nsk.com/products/bearings/ball-bearings/deep-groove-ball-bearings/single-row-deep-groove-ball-bearings/6907vv-dgbb-sr.html
https://www.oss.nsk.com/products/bearings/ball-bearings/deep-groove-ball-bearings/single-row-deep-groove-ball-bearings/6907zz-dgbb-sr.html,https://www.oss.nsk.com/products/bearings/ball-bearings/deep-groove-ball-bearings/single-row-deep-groove-ball-bearings/6907zz-dgbb-sr.html
https://www.oss.nsk.com/products/bearings/ball-bearings/deep-groove-ball-bearings/single-row-deep-groove-ball-bearings/16007-dgbb-sr.html,https://www.oss.nsk.com/products/bearings/ball-bearings/deep-groove-ball-bearings/single-row-deep-groove-ball-bearings/16007-dgbb-sr.html
https://www.oss.nsk.com/products/bearings/ball-bearings/deep-groove-ball-bearings/single-row-deep-groove-ball-bearings/6007-dgbb-sr.html,https://www.oss.nsk.com/products/bearings/ball-bearings/deep-groove-ball-bearings/single-row-deep-groove-ball-bearings/6007-dgbb-sr.html
https://www.oss.nsk.com/products/bearings/ball-bearings/deep-groove-ball-bearings/single-row-deep-groove-ball-bearings/6007ddu-dgbb-sr.html,https://www.oss.nsk.com/products/bearings/ball-bearings/deep-groove-ball-bearings/single-row-deep-groove-ball-bearings/6007ddu-dgbb-sr.html
https://www.oss.nsk.com/products/bearings/ball-bearings/deep-groove-ball-bearings/single-row-deep-groove-ball-bearings/6007n-dgbb-sr-n.html,https://www.oss.nsk.com/products/bearings/ball-bearings/deep-groove-ball-bearings/single-row-deep-groove-ball-bearings/6007n-dgbb-sr-n.html
https://www.oss.nsk.com/products/bearings/ball-bearings/deep-groove-ball-bearings/single-row-deep-groove-ball-bearings/6007nr-dgbb-sr-nr.html,https://www.oss.nsk.com/products/bearings/ball-bearings/deep-groove-ball-bearings/single-row-deep-groove-ball-bearings/6007nr-dgbb-sr-nr.html
https://www.oss.nsk.com/products/bearings/ball-bearings/deep-groove-ball-bearings/single-row-deep-groove-ball-bearings/6007vv-dgbb-sr.html,https://www.oss.nsk.com/products/bearings/ball-bearings/deep-groove-ball-bearings/single-row-deep-groove-ball-bearings/6007vv-dgbb-sr.html
https://www.oss.nsk.com/products/bearings/ball-bearings/deep-groove-ball-bearings/single-row-deep-groove-ball-bearings/6007zz-dgbb-sr.html,https://www.oss.nsk.com/products/bearings/ball-bearings/deep-groove-ball-bearings/single-row-deep-groove-ball-bearings/6007zz-dgbb-sr.html
https://www.oss.nsk.com/products/bearings/ball-bearings/deep-groove-ball-bearings/single-row-deep-groove-ball-bearings/6207-dgbb-sr.html,https://www.oss.nsk.com/products/bearings/ball-bearings/deep-groove-ball-bearings/single-row-deep-groove-ball-bearings/6207-dgbb-sr.html
https://www.oss.nsk.com/products/bearings/ball-bearings/deep-groove-ball-bearings/single-row-deep-groove-ball-bearings/6207ddu-dgbb-sr.html,https://www.oss.nsk.com/products/bearings/ball-bearings/deep-groove-ball-bearings/single-row-deep-groove-ball-bearings/6207ddu-dgbb-sr.html
https://www.oss.nsk.com/products/bearings/ball-bearings/deep-groove-ball-bearings/single-row-deep-groove-ball-bearings/6207n-dgbb-sr-n.html,https://www.oss.nsk.com/products/bearings/ball-bearings/deep-groove-ball-bearings/single-row-deep-groove-ball-bearings/6207n-dgbb-sr-n.html
https://www.oss.nsk.com/products/bearings/ball-bearings/deep-groove-ball-bearings/single-row-deep-groove-ball-bearings/6207nr-dgbb-sr-nr.html,https://www.oss.nsk.com/products/bearings/ball-bearings/deep-groove-ball-bearings/single-row-deep-groove-ball-bearings/6207nr-dgbb-sr-nr.html
https://www.oss.nsk.com/products/bearings/ball-bearings/deep-groove-ball-bearings/single-row-deep-groove-ball-bearings/6207vv-dgbb-sr.html,https://www.oss.nsk.com/products/bearings/ball-bearings/deep-groove-ball-bearings/single-row-deep-groove-ball-bearings/6207vv-dgbb-sr.html
https://www.oss.nsk.com/products/bearings/ball-bearings/deep-groove-ball-bearings/single-row-deep-groove-ball-bearings/6207zz-dgbb-sr.html,https://www.oss.nsk.com/products/bearings/ball-bearings/deep-groove-ball-bearings/single-row-deep-groove-ball-bearings/6207zz-dgbb-sr.html
https://www.oss.nsk.com/products/bearings/ball-bearings/deep-groove-ball-bearings/single-row-deep-groove-ball-bearings/6208-dgbb-sr.html,https://www.oss.nsk.com/products/bearings/ball-bearings/deep-groove-ball-bearings/single-row-deep-groove-ball-bearings/6208-dgbb-sr.html
https://www.oss.nsk.com/products/bearings/ball-bearings/deep-groove-ball-bearings/single-row-deep-groove-ball-bearings/6307-dgbb-sr.html,https://www.oss.nsk.com/products/bearings/ball-bearings/deep-groove-ball-bearings/single-row-deep-groove-ball-bearings/6307-dgbb-sr.html
https://www.oss.nsk.com/products/bearings/ball-bearings/deep-groove-ball-bearings/single-row-deep-groove-ball-bearings/6307n-dgbb-sr-n.html,https://www.oss.nsk.com/products/bearings/ball-bearings/deep-groove-ball-bearings/single-row-deep-groove-ball-bearings/6307n-dgbb-sr-n.html
https://www.oss.nsk.com/products/bearings/ball-bearings/deep-groove-ball-bearings/single-row-deep-groove-ball-bearings/6307nr-dgbb-sr-nr.html,https://www.oss.nsk.com/products/bearings/ball-bearings/deep-groove-ball-bearings/single-row-deep-groove-ball-bearings/6307nr-dgbb-sr-nr.html
https://www.oss.nsk.com/products/bearings/ball-bearings/deep-groove-ball-bearings/single-row-deep-groove-ball-bearings/6307vv-dgbb-sr.html,https://www.oss.nsk.com/products/bearings/ball-bearings/deep-groove-ball-bearings/single-row-deep-groove-ball-bearings/6307vv-dgbb-sr.html
https://www.oss.nsk.com/products/bearings/ball-bearings/deep-groove-ball-bearings/single-row-deep-groove-ball-bearings/6307zz-dgbb-sr.html,https://www.oss.nsk.com/products/bearings/ball-bearings/deep-groove-ball-bearings/single-row-deep-groove-ball-bearings/6307zz-dgbb-sr.html
https://www.oss.nsk.com/products/bearings/ball-bearings/deep-groove-ball-bearings/single-row-deep-groove-ball-bearings/6808-dgbb-sr.html,https://www.oss.nsk.com/products/bearings/ball-bearings/deep-groove-ball-bearings/single-row-deep-groove-ball-bearings/6808-dgbb-sr.html
https://www.oss.nsk.com/products/bearings/ball-bearings/deep-groove-ball-bearings/single-row-deep-groove-ball-bearings/6808dd-dgbb-sr.html,https://www.oss.nsk.com/products/bearings/ball-bearings/deep-groove-ball-bearings/single-row-deep-groove-ball-bearings/6808dd-dgbb-sr.html
https://www.oss.nsk.com/products/bearings/ball-bearings/deep-groove-ball-bearings/single-row-deep-groove-ball-bearings/6808n-dgbb-sr-n.html,https://www.oss.nsk.com/products/bearings/ball-bearings/deep-groove-ball-bearings/single-row-deep-groove-ball-bearings/6808n-dgbb-sr-n.html
https://www.oss.nsk.com/products/bearings/ball-bearings/deep-groove-ball-bearings/single-row-deep-groove-ball-bearings/6808nr-dgbb-sr-nr.html,https://www.oss.nsk.com/products/bearings/ball-bearings/deep-groove-ball-bearings/single-row-deep-groove-ball-bearings/6808nr-dgbb-sr-nr.html
https://www.oss.nsk.com/products/bearings/ball-bearings/deep-groove-ball-bearings/single-row-deep-groove-ball-bearings/6808vv-dgbb-sr.html,https://www.oss.nsk.com/products/bearings/ball-bearings/deep-groove-ball-bearings/single-row-deep-groove-ball-bearings/6808vv-dgbb-sr.html
https://www.oss.nsk.com/products/bearings/ball-bearings/deep-groove-ball-bearings/single-row-deep-groove-ball-bearings/6808zz-dgbb-sr.html,https://www.oss.nsk.com/products/bearings/ball-bearings/deep-groove-ball-bearings/single-row-deep-groove-ball-bearings/6808zz-dgbb-sr.html
https://www.oss.nsk.com/products/bearings/ball-bearings/deep-groove-ball-bearings/single-row-deep-groove-ball-bearings/6908-dgbb-sr.html,https://www.oss.nsk.com/products/bearings/ball-bearings/deep-groove-ball-bearings/single-row-deep-groove-ball-bearings/6908-dgbb-sr.html
https://www.oss.nsk.com/products/bearings/ball-bearings/deep-groove-ball-bearings/single-row-deep-groove-ball-bearings/6908ddu-dgbb-sr.html,https://www.oss.nsk.com/products/bearings/ball-bearings/deep-groove-ball-bearings/single-row-deep-groove-ball-bearings/6908ddu-dgbb-sr.html
https://www.oss.nsk.com/products/bearings/ball-bearings/deep-groove-ball-bearings/single-row-deep-groove-ball-bearings/6908n-dgbb-sr-n.html,https://www.oss.nsk.com/products/bearings/ball-bearings/deep-groove-ball-bearings/single-row-deep-groove-ball-bearings/6908n-dgbb-sr-n.html
https://www.oss.nsk.com/products/bearings/ball-bearings/deep-groove-ball-bearings/single-row-deep-groove-ball-bearings/6908nr-dgbb-sr-nr.html,https://www.oss.nsk.com/products/bearings/ball-bearings/deep-groove-ball-bearings/single-row-deep-groove-ball-bearings/6908nr-dgbb-sr-nr.html
https://www.oss.nsk.com/products/bearings/ball-bearings/deep-groove-ball-bearings/single-row-deep-groove-ball-bearings/6908vv-dgbb-sr.html,https://www.oss.nsk.com/products/bearings/ball-bearings/deep-groove-ball-bearings/single-row-deep-groove-ball-bearings/6908vv-dgbb-sr.html
https://www.oss.nsk.com/products/bearings/ball-bearings/deep-groove-ball-bearings/single-row-deep-groove-ball-bearings/6908zz-dgbb-sr.html,https://www.oss.nsk.com/products/bearings/ball-bearings/deep-groove-ball-bearings/single-row-deep-groove-ball-bearings/6908zz-dgbb-sr.html
https://www.oss.nsk.com/products/bearings/ball-bearings/deep-groove-ball-bearings/single-row-deep-groove-ball-bearings/16008-dgbb-sr.html,https://www.oss.nsk.com/products/bearings/ball-bearings/deep-groove-ball-bearings/single-row-deep-groove-ball-bearings/16008-dgbb-sr.html
https://www.oss.nsk.com/products/bearings/ball-bearings/deep-groove-ball-bearings/single-row-deep-groove-ball-bearings/6008-dgbb-sr.html,https://www.oss.nsk.com/products/bearings/ball-bearings/deep-groove-ball-bearings/single-row-deep-groove-ball-bearings/6008-dgbb-sr.html
https://www.oss.nsk.com/products/bearings/ball-bearings/deep-groove-ball-bearings/single-row-deep-groove-ball-bearings/6008ddu-dgbb-sr.html,https://www.oss.nsk.com/products/bearings/ball-bearings/deep-groove-ball-bearings/single-row-deep-groove-ball-bearings/6008ddu-dgbb-sr.html
https://www.oss.nsk.com/products/bearings/ball-bearings/deep-groove-ball-bearings/single-row-deep-groove-ball-bearings/6008n-dgbb-sr-n.html,https://www.oss.nsk.com/products/bearings/ball-bearings/deep-groove-ball-bearings/single-row-deep-groove-ball-bearings/6008n-dgbb-sr-n.html
https://www.oss.nsk.com/products/bearings/ball-bearings/deep-groove-ball-bearings/single-row-deep-groove-ball-bearings/6008nr-dgbb-sr-nr.html,https://www.oss.nsk.com/products/bearings/ball-bearings/deep-groove-ball-bearings/single-row-deep-groove-ball-bearings/6008nr-dgbb-sr-nr.html
https://www.oss.nsk.com/products/bearings/ball-bearings/deep-groove-ball-bearings/single-row-deep-groove-ball-bearings/6008vv-dgbb-sr.html,https://www.oss.nsk.com/products/bearings/ball-bearings/deep-groove-ball-bearings/single-row-deep-groove-ball-bearings/6008vv-dgbb-sr.html
https://www.oss.nsk.com/products/bearings/ball-bearings/deep-groove-ball-bearings/single-row-deep-groove-ball-bearings/6008zz-dgbb-sr.html,https://www.oss.nsk.com/products/bearings/ball-bearings/deep-groove-ball-bearings/single-row-deep-groove-ball-bearings/6008zz-dgbb-sr.html
https://www.oss.nsk.com/products/bearings/ball-bearings/deep-groove-ball-bearings/single-row-deep-groove-ball-bearings/6208ddu-dgbb-sr.html,https://www.oss.nsk.com/products/bearings/ball-bearings/deep-groove-ball-bearings/single-row-deep-groove-ball-bearings/6208ddu-dgbb-sr.html
https://www.oss.nsk.com/products/bearings/ball-bearings/deep-groove-ball-bearings/single-row-deep-groove-ball-bearings/6208n-dgbb-sr-n.html,https://www.oss.nsk.com/products/bearings/ball-bearings/deep-groove-ball-bearings/single-row-deep-groove-ball-bearings/6208n-dgbb-sr-n.html
https://www.oss.nsk.com/products/bearings/ball-bearings/deep-groove-ball-bearings/single-row-deep-groove-ball-bearings/6208nr-dgbb-sr-nr.html,https://www.oss.nsk.com/products/bearings/ball-bearings/deep-groove-ball-bearings/single-row-deep-groove-ball-bearings/6208nr-dgbb-sr-nr.html
https://www.oss.nsk.com/products/bearings/ball-bearings/deep-groove-ball-bearings/single-row-deep-groove-ball-bearings/6208vv-dgbb-sr.html,https://www.oss.nsk.com/products/bearings/ball-bearings/deep-groove-ball-bearings/single-row-deep-groove-ball-bearings/6208vv-dgbb-sr.html
https://www.oss.nsk.com/products/bearings/ball-bearings/deep-groove-ball-bearings/single-row-deep-groove-ball-bearings/6208zz-dgbb-sr.html,https://www.oss.nsk.com/products/bearings/ball-bearings/deep-groove-ball-bearings/single-row-deep-groove-ball-bearings/6208zz-dgbb-sr.html
https://www.oss.nsk.com/products/bearings/ball-bearings/deep-groove-ball-bearings/single-row-deep-groove-ball-bearings/6308-dgbb-sr.html,https://www.oss.nsk.com/products/bearings/ball-bearings/deep-groove-ball-bearings/single-row-deep-groove-ball-bearings/6308-dgbb-sr.html
https://www.oss.nsk.com/products/bearings/ball-bearings/deep-groove-ball-bearings/single-row-deep-groove-ball-bearings/6308ddu-dgbb-sr.html,https://www.oss.nsk.com/products/bearings/ball-bearings/deep-groove-ball-bearings/single-row-deep-groove-ball-bearings/6308ddu-dgbb-sr.html
https://www.oss.nsk.com/products/bearings/ball-bearings/deep-groove-ball-bearings/single-row-deep-groove-ball-bearings/6308n-dgbb-sr-n.html,https://www.oss.nsk.com/products/bearings/ball-bearings/deep-groove-ball-bearings/single-row-deep-groove-ball-bearings/6308n-dgbb-sr-n.html
https://www.oss.nsk.com/products/bearings/ball-bearings/deep-groove-ball-bearings/single-row-deep-groove-ball-bearings/6308nr-dgbb-sr-nr.html,https://www.oss.nsk.com/products/bearings/ball-bearings/deep-groove-ball-bearings/single-row-deep-groove-ball-bearings/6308nr-dgbb-sr-nr.html
https://www.oss.nsk.com/products/bearings/ball-bearings/deep-groove-ball-bearings/single-row-deep-groove-ball-bearings/6308vv-dgbb-sr.html,https://www.oss.nsk.com/products/bearings/ball-bearings/deep-groove-ball-bearings/single-row-deep-groove-ball-bearings/6308vv-dgbb-sr.html
https://www.oss.nsk.com/products/bearings/ball-bearings/deep-groove-ball-bearings/single-row-deep-groove-ball-bearings/6308zz-dgbb-sr.html,https://www.oss.nsk.com/products/bearings/ball-bearings/deep-groove-ball-bearings/single-row-deep-groove-ball-bearings/6308zz-dgbb-sr.html
https://www.oss.nsk.com/products/bearings/ball-bearings/deep-groove-ball-bearings/single-row-deep-groove-ball-bearings/6809-dgbb-sr.html,https://www.oss.nsk.com/products/bearings/ball-bearings/deep-groove-ball-bearings/single-row-deep-groove-ball-bearings/6809-dgbb-sr.html
https://www.oss.nsk.com/products/bearings/ball-bearings/deep-groove-ball-bearings/single-row-deep-groove-ball-bearings/6809dd-dgbb-sr.html,https://www.oss.nsk.com/products/bearings/ball-bearings/deep-groove-ball-bearings/single-row-deep-groove-ball-bearings/6809dd-dgbb-sr.html
https://www.oss.nsk.com/products/bearings/ball-bearings/deep-groove-ball-bearings/single-row-deep-groove-ball-bearings/6809n-dgbb-sr-n.html,https://www.oss.nsk.com/products/bearings/ball-bearings/deep-groove-ball-bearings/single-row-deep-groove-ball-bearings/6809n-dgbb-sr-n.html
https://www.oss.nsk.com/products/bearings/ball-bearings/deep-groove-ball-bearings/single-row-deep-groove-ball-bearings/6809nr-dgbb-sr-nr.html,https://www.oss.nsk.com/products/bearings/ball-bearings/deep-groove-ball-bearings/single-row-deep-groove-ball-bearings/6809nr-dgbb-sr-nr.html
https://www.oss.nsk.com/products/bearings/ball-bearings/deep-groove-ball-bearings/single-row-deep-groove-ball-bearings/6809vv-dgbb-sr.html,https://www.oss.nsk.com/products/bearings/ball-bearings/deep-groove-ball-bearings/single-row-deep-groove-ball-bearings/6809vv-dgbb-sr.html
https://www.oss.nsk.com/products/bearings/ball-bearings/deep-groove-ball-bearings/single-row-deep-groove-ball-bearings/6809zz-dgbb-sr.html,https://www.oss.nsk.com/products/bearings/ball-bearings/deep-groove-ball-bearings/single-row-deep-groove-ball-bearings/6809zz-dgbb-sr.html
https://www.oss.nsk.com/products/bearings/ball-bearings/deep-groove-ball-bearings/single-row-deep-groove-ball-bearings/6909-dgbb-sr.html,https://www.oss.nsk.com/products/bearings/ball-bearings/deep-groove-ball-bearings/single-row-deep-groove-ball-bearings/6909-dgbb-sr.html
https://www.oss.nsk.com/products/bearings/ball-bearings/deep-groove-ball-bearings/single-row-deep-groove-ball-bearings/6909ddu-dgbb-sr.html,https://www.oss.nsk.com/products/bearings/ball-bearings/deep-groove-ball-bearings/single-row-deep-groove-ball-bearings/6909ddu-dgbb-sr.html
https://www.oss.nsk.com/products/bearings/ball-bearings/deep-groove-ball-bearings/single-row-deep-groove-ball-bearings/6909n-dgbb-sr-n.html,https://www.oss.nsk.com/products/bearings/ball-bearings/deep-groove-ball-bearings/single-row-deep-groove-ball-bearings/6909n-dgbb-sr-n.html
https://www.oss.nsk.com/products/bearings/ball-bearings/deep-groove-ball-bearings/single-row-deep-groove-ball-bearings/6909nr-dgbb-sr-nr.html,https://www.oss.nsk.com/products/bearings/ball-bearings/deep-groove-ball-bearings/single-row-deep-groove-ball-bearings/6909nr-dgbb-sr-nr.html
https://www.oss.nsk.com/products/bearings/ball-bearings/deep-groove-ball-bearings/single-row-deep-groove-ball-bearings/6909vv-dgbb-sr.html,https://www.oss.nsk.com/products/bearings/ball-bearings/deep-groove-ball-bearings/single-row-deep-groove-ball-bearings/6909vv-dgbb-sr.html
https://www.oss.nsk.com/products/bearings/ball-bearings/deep-groove-ball-bearings/single-row-deep-groove-ball-bearings/6909zz-dgbb-sr.html,https://www.oss.nsk.com/products/bearings/ball-bearings/deep-groove-ball-bearings/single-row-deep-groove-ball-bearings/6909zz-dgbb-sr.html
https://www.oss.nsk.com/products/bearings/ball-bearings/deep-groove-ball-bearings/single-row-deep-groove-ball-bearings/16009-dgbb-sr.html,https://www.oss.nsk.com/products/bearings/ball-bearings/deep-groove-ball-bearings/single-row-deep-groove-ball-bearings/16009-dgbb-sr.html
https://www.oss.nsk.com/products/bearings/ball-bearings/deep-groove-ball-bearings/single-row-deep-groove-ball-bearings/6009-dgbb-sr.html,https://www.oss.nsk.com/products/bearings/ball-bearings/deep-groove-ball-bearings/single-row-deep-groove-ball-bearings/6009-dgbb-sr.html
https://www.oss.nsk.com/products/bearings/ball-bearings/deep-groove-ball-bearings/single-row-deep-groove-ball-bearings/6009ddu-dgbb-sr.html,https://www.oss.nsk.com/products/bearings/ball-bearings/deep-groove-ball-bearings/single-row-deep-groove-ball-bearings/6009ddu-dgbb-sr.html
https://www.oss.nsk.com/products/bearings/ball-bearings/deep-groove-ball-bearings/single-row-deep-groove-ball-bearings/6009n-dgbb-sr-n.html,https://www.oss.nsk.com/products/bearings/ball-bearings/deep-groove-ball-bearings/single-row-deep-groove-ball-bearings/6009n-dgbb-sr-n.html
https://www.oss.nsk.com/products/bearings/ball-bearings/deep-groove-ball-bearings/single-row-deep-groove-ball-bearings/6009nr-dgbb-sr-nr.html,https://www.oss.nsk.com/products/bearings/ball-bearings/deep-groove-ball-bearings/single-row-deep-groove-ball-bearings/6009nr-dgbb-sr-nr.html
https://www.oss.nsk.com/products/bearings/ball-bearings/deep-groove-ball-bearings/single-row-deep-groove-ball-bearings/6009vv-dgbb-sr.html,https://www.oss.nsk.com/products/bearings/ball-bearings/deep-groove-ball-bearings/single-row-deep-groove-ball-bearings/6009vv-dgbb-sr.html
https://www.oss.nsk.com/products/bearings/ball-bearings/deep-groove-ball-bearings/single-row-deep-groove-ball-bearings/6009zz-dgbb-sr.html,https://www.oss.nsk.com/products/bearings/ball-bearings/deep-groove-ball-bearings/single-row-deep-groove-ball-bearings/6009zz-dgbb-sr.html
https://www.oss.nsk.com/products/bearings/ball-bearings/deep-groove-ball-bearings/single-row-deep-groove-ball-bearings/6209-dgbb-sr.html,https://www.oss.nsk.com/products/bearings/ball-bearings/deep-groove-ball-bearings/single-row-deep-groove-ball-bearings/6209-dgbb-sr.html
https://www.oss.nsk.com/products/bearings/ball-bearings/deep-groove-ball-bearings/single-row-deep-groove-ball-bearings/6209ddu-dgbb-sr.html,https://www.oss.nsk.com/products/bearings/ball-bearings/deep-groove-ball-bearings/single-row-deep-groove-ball-bearings/6209ddu-dgbb-sr.html
https://www.oss.nsk.com/products/bearings/ball-bearings/deep-groove-ball-bearings/single-row-deep-groove-ball-bearings/6209n-dgbb-sr-n.html,https://www.oss.nsk.com/products/bearings/ball-bearings/deep-groove-ball-bearings/single-row-deep-groove-ball-bearings/6209n-dgbb-sr-n.html
https://www.oss.nsk.com/products/bearings/ball-bearings/deep-groove-ball-bearings/single-row-deep-groove-ball-bearings/6209nr-dgbb-sr-nr.html,https://www.oss.nsk.com/products/bearings/ball-bearings/deep-groove-ball-bearings/single-row-deep-groove-ball-bearings/6209nr-dgbb-sr-nr.html
https://www.oss.nsk.com/products/bearings/ball-bearings/deep-groove-ball-bearings/single-row-deep-groove-ball-bearings/6209vv-dgbb-sr.html,https://www.oss.nsk.com/products/bearings/ball-bearings/deep-groove-ball-bearings/single-row-deep-groove-ball-bearings/6209vv-dgbb-sr.html
https://www.oss.nsk.com/products/bearings/ball-bearings/deep-groove-ball-bearings/single-row-deep-groove-ball-bearings/6209zz-dgbb-sr.html,https://www.oss.nsk.com/products/bearings/ball-bearings/deep-groove-ball-bearings/single-row-deep-groove-ball-bearings/6209zz-dgbb-sr.html
https://www.oss.nsk.com/products/bearings/ball-bearings/deep-groove-ball-bearings/single-row-deep-groove-ball-bearings/6309-dgbb-sr.html,https://www.oss.nsk.com/products/bearings/ball-bearings/deep-groove-ball-bearings/single-row-deep-groove-ball-bearings/6309-dgbb-sr.html
https://www.oss.nsk.com/products/bearings/ball-bearings/deep-groove-ball-bearings/single-row-deep-groove-ball-bearings/6309ddu-dgbb-sr.html,https://www.oss.nsk.com/products/bearings/ball-bearings/deep-groove-ball-bearings/single-row-deep-groove-ball-bearings/6309ddu-dgbb-sr.html
https://www.oss.nsk.com/products/bearings/ball-bearings/deep-groove-ball-bearings/single-row-deep-groove-ball-bearings/6309n-dgbb-sr-n.html,https://www.oss.nsk.com/products/bearings/ball-bearings/deep-groove-ball-bearings/single-row-deep-groove-ball-bearings/6309n-dgbb-sr-n.html
https://www.oss.nsk.com/products/bearings/ball-bearings/deep-groove-ball-bearings/single-row-deep-groove-ball-bearings/6309nr-dgbb-sr-nr.html,https://www.oss.nsk.com/products/bearings/ball-bearings/deep-groove-ball-bearings/single-row-deep-groove-ball-bearings/6309nr-dgbb-sr-nr.html
https://www.oss.nsk.com/products/bearings/ball-bearings/deep-groove-ball-bearings/single-row-deep-groove-ball-bearings/6309vv-dgbb-sr.html,https://www.oss.nsk.com/products/bearings/ball-bearings/deep-groove-ball-bearings/single-row-deep-groove-ball-bearings/6309vv-dgbb-sr.html
https://www.oss.nsk.com/products/bearings/ball-bearings/deep-groove-ball-bearings/single-row-deep-groove-ball-bearings/6309zz-dgbb-sr.html,https://www.oss.nsk.com/products/bearings/ball-bearings/deep-groove-ball-bearings/single-row-deep-groove-ball-bearings/6309zz-dgbb-sr.html
https://www.oss.nsk.com/products/bearings/ball-bearings/deep-groove-ball-bearings/single-row-deep-groove-ball-bearings/6810-dgbb-sr.html,https://www.oss.nsk.com/products/bearings/ball-bearings/deep-groove-ball-bearings/single-row-deep-groove-ball-bearings/6810-dgbb-sr.html
https://www.oss.nsk.com/products/bearings/ball-bearings/deep-groove-ball-bearings/single-row-deep-groove-ball-bearings/6810ddu-dgbb-sr.html,https://www.oss.nsk.com/products/bearings/ball-bearings/deep-groove-ball-bearings/single-row-deep-groove-ball-bearings/6810ddu-dgbb-sr.html
https://www.oss.nsk.com/products/bearings/ball-bearings/deep-groove-ball-bearings/single-row-deep-groove-ball-bearings/6810n-dgbb-sr-n.html,https://www.oss.nsk.com/products/bearings/ball-bearings/deep-groove-ball-bearings/single-row-deep-groove-ball-bearings/6810n-dgbb-sr-n.html
https://www.oss.nsk.com/products/bearings/ball-bearings/deep-groove-ball-bearings/single-row-deep-groove-ball-bearings/6810nr-dgbb-sr-nr.html,https://www.oss.nsk.com/products/bearings/ball-bearings/deep-groove-ball-bearings/single-row-deep-groove-ball-bearings/6810nr-dgbb-sr-nr.html
https://www.oss.nsk.com/products/bearings/ball-bearings/deep-groove-ball-bearings/single-row-deep-groove-ball-bearings/6810vv-dgbb-sr.html,https://www.oss.nsk.com/products/bearings/ball-bearings/deep-groove-ball-bearings/single-row-deep-groove-ball-bearings/6810vv-dgbb-sr.html
https://www.oss.nsk.com/products/bearings/ball-bearings/deep-groove-ball-bearings/single-row-deep-groove-ball-bearings/6810zz-dgbb-sr.html,https://www.oss.nsk.com/products/bearings/ball-bearings/deep-groove-ball-bearings/single-row-deep-groove-ball-bearings/6810zz-dgbb-sr.html
https://www.oss.nsk.com/products/bearings/ball-bearings/deep-groove-ball-bearings/single-row-deep-groove-ball-bearings/6910-dgbb-sr.html,https://www.oss.nsk.com/products/bearings/ball-bearings/deep-groove-ball-bearings/single-row-deep-groove-ball-bearings/6910-dgbb-sr.html
https://www.oss.nsk.com/products/bearings/ball-bearings/deep-groove-ball-bearings/single-row-deep-groove-ball-bearings/6910ddu-dgbb-sr.html,https://www.oss.nsk.com/products/bearings/ball-bearings/deep-groove-ball-bearings/single-row-deep-groove-ball-bearings/6910ddu-dgbb-sr.html
https://www.oss.nsk.com/products/bearings/ball-bearings/deep-groove-ball-bearings/single-row-deep-groove-ball-bearings/6910n-dgbb-sr-n.html,https://www.oss.nsk.com/products/bearings/ball-bearings/deep-groove-ball-bearings/single-row-deep-groove-ball-bearings/6910n-dgbb-sr-n.html
https://www.oss.nsk.com/products/bearings/ball-bearings/deep-groove-ball-bearings/single-row-deep-groove-ball-bearings/6910nr-dgbb-sr-nr.html,https://www.oss.nsk.com/products/bearings/ball-bearings/deep-groove-ball-bearings/single-row-deep-groove-ball-bearings/6910nr-dgbb-sr-nr.html
https://www.oss.nsk.com/products/bearings/ball-bearings/deep-groove-ball-bearings/single-row-deep-groove-ball-bearings/6910vv-dgbb-sr.html,https://www.oss.nsk.com/products/bearings/ball-bearings/deep-groove-ball-bearings/single-row-deep-groove-ball-bearings/6910vv-dgbb-sr.html
https://www.oss.nsk.com/products/bearings/ball-bearings/deep-groove-ball-bearings/single-row-deep-groove-ball-bearings/6910zz-dgbb-sr.html,https://www.oss.nsk.com/products/bearings/ball-bearings/deep-groove-ball-bearings/single-row-deep-groove-ball-bearings/6910zz-dgbb-sr.html
https://www.oss.nsk.com/products/bearings/ball-bearings/deep-groove-ball-bearings/single-row-deep-groove-ball-bearings/16010-dgbb-sr.html,https://www.oss.nsk.com/products/bearings/ball-bearings/deep-groove-ball-bearings/single-row-deep-groove-ball-bearings/16010-dgbb-sr.html
https://www.oss.nsk.com/products/bearings/ball-bearings/deep-groove-ball-bearings/single-row-deep-groove-ball-bearings/6010-dgbb-sr.html,https://www.oss.nsk.com/products/bearings/ball-bearings/deep-groove-ball-bearings/single-row-deep-groove-ball-bearings/6010-dgbb-sr.html
https://www.oss.nsk.com/products/bearings/ball-bearings/deep-groove-ball-bearings/single-row-deep-groove-ball-bearings/6010ddu-dgbb-sr.html,https://www.oss.nsk.com/products/bearings/ball-bearings/deep-groove-ball-bearings/single-row-deep-groove-ball-bearings/6010ddu-dgbb-sr.html
https://www.oss.nsk.com/products/bearings/ball-bearings/deep-groove-ball-bearings/single-row-deep-groove-ball-bearings/6010n-dgbb-sr-n.html,https://www.oss.nsk.com/products/bearings/ball-bearings/deep-groove-ball-bearings/single-row-deep-groove-ball-bearings/6010n-dgbb-sr-n.html
https://www.oss.nsk.com/products/bearings/ball-bearings/deep-groove-ball-bearings/single-row-deep-groove-ball-bearings/6010nr-dgbb-sr-nr.html,https://www.oss.nsk.com/products/bearings/ball-bearings/deep-groove-ball-bearings/single-row-deep-groove-ball-bearings/6010nr-dgbb-sr-nr.html
https://www.oss.nsk.com/products/bearings/ball-bearings/deep-groove-ball-bearings/single-row-deep-groove-ball-bearings/6010vv-dgbb-sr.html,https://www.oss.nsk.com/products/bearings/ball-bearings/deep-groove-ball-bearings/single-row-deep-groove-ball-bearings/6010vv-dgbb-sr.html
https://www.oss.nsk.com/products/bearings/ball-bearings/deep-groove-ball-bearings/single-row-deep-groove-ball-bearings/6010zz-dgbb-sr.html,https://www.oss.nsk.com/products/bearings/ball-bearings/deep-groove-ball-bearings/single-row-deep-groove-ball-bearings/6010zz-dgbb-sr.html
https://www.oss.nsk.com/products/bearings/ball-bearings/deep-groove-ball-bearings/single-row-deep-groove-ball-bearings/6210-dgbb-sr.html,https://www.oss.nsk.com/products/bearings/ball-bearings/deep-groove-ball-bearings/single-row-deep-groove-ball-bearings/6210-dgbb-sr.html
https://www.oss.nsk.com/products/bearings/ball-bearings/deep-groove-ball-bearings/single-row-deep-groove-ball-bearings/6210ddu-dgbb-sr.html,https://www.oss.nsk.com/products/bearings/ball-bearings/deep-groove-ball-bearings/single-row-deep-groove-ball-bearings/6210ddu-dgbb-sr.html
https://www.oss.nsk.com/products/bearings/ball-bearings/deep-groove-ball-bearings/single-row-deep-groove-ball-bearings/6210n-dgbb-sr-n.html,https://www.oss.nsk.com/products/bearings/ball-bearings/deep-groove-ball-bearings/single-row-deep-groove-ball-bearings/6210n-dgbb-sr-n.html
https://www.oss.nsk.com/products/bearings/ball-bearings/deep-groove-ball-bearings/single-row-deep-groove-ball-bearings/6210nr-dgbb-sr-nr.html,https://www.oss.nsk.com/products/bearings/ball-bearings/deep-groove-ball-bearings/single-row-deep-groove-ball-bearings/6210nr-dgbb-sr-nr.html
https://www.oss.nsk.com/products/bearings/ball-bearings/deep-groove-ball-bearings/single-row-deep-groove-ball-bearings/6210vv-dgbb-sr.html,https://www.oss.nsk.com/products/bearings/ball-bearings/deep-groove-ball-bearings/single-row-deep-groove-ball-bearings/6210vv-dgbb-sr.html
https://www.oss.nsk.com/products/bearings/ball-bearings/deep-groove-ball-bearings/single-row-deep-groove-ball-bearings/6210zz-dgbb-sr.html,https://www.oss.nsk.com/products/bearings/ball-bearings/deep-groove-ball-bearings/single-row-deep-groove-ball-bearings/6210zz-dgbb-sr.html
https://www.oss.nsk.com/products/bearings/ball-bearings/deep-groove-ball-bearings/single-row-deep-groove-ball-bearings/6310-dgbb-sr.html,https://www.oss.nsk.com/products/bearings/ball-bearings/deep-groove-ball-bearings/single-row-deep-groove-ball-bearings/6310-dgbb-sr.html
https://www.oss.nsk.com/products/bearings/ball-bearings/deep-groove-ball-bearings/single-row-deep-groove-ball-bearings/6310ddu-dgbb-sr.html,https://www.oss.nsk.com/products/bearings/ball-bearings/deep-groove-ball-bearings/single-row-deep-groove-ball-bearings/6310ddu-dgbb-sr.html
https://www.oss.nsk.com/products/bearings/ball-bearings/deep-groove-ball-bearings/single-row-deep-groove-ball-bearings/6310n-dgbb-sr-n.html,https://www.oss.nsk.com/products/bearings/ball-bearings/deep-groove-ball-bearings/single-row-deep-groove-ball-bearings/6310n-dgbb-sr-n.html
https://www.oss.nsk.com/products/bearings/ball-bearings/deep-groove-ball-bearings/single-row-deep-groove-ball-bearings/6310nr-dgbb-sr-nr.html,https://www.oss.nsk.com/products/bearings/ball-bearings/deep-groove-ball-bearings/single-row-deep-groove-ball-bearings/6310nr-dgbb-sr-nr.html
https://www.oss.nsk.com/products/bearings/ball-bearings/deep-groove-ball-bearings/single-row-deep-groove-ball-bearings/6310vv-dgbb-sr.html,https://www.oss.nsk.com/products/bearings/ball-bearings/deep-groove-ball-bearings/single-row-deep-groove-ball-bearings/6310vv-dgbb-sr.html
https://www.oss.nsk.com/products/bearings/ball-bearings/deep-groove-ball-bearings/single-row-deep-groove-ball-bearings/6310zz-dgbb-sr.html,https://www.oss.nsk.com/products/bearings/ball-bearings/deep-groove-ball-bearings/single-row-deep-groove-ball-bearings/6310zz-dgbb-sr.html
https://www.oss.nsk.com/products/bearings/ball-bearings/deep-groove-ball-bearings/single-row-deep-groove-ball-bearings/6811-dgbb-sr.html,https://www.oss.nsk.com/products/bearings/ball-bearings/deep-groove-ball-bearings/single-row-deep-groove-ball-bearings/6811-dgbb-sr.html
https://www.oss.nsk.com/products/bearings/ball-bearings/deep-groove-ball-bearings/single-row-deep-groove-ball-bearings/6811ddu-dgbb-sr.html,https://www.oss.nsk.com/products/bearings/ball-bearings/deep-groove-ball-bearings/single-row-deep-groove-ball-bearings/6811ddu-dgbb-sr.html
https://www.oss.nsk.com/products/bearings/ball-bearings/deep-groove-ball-bearings/single-row-deep-groove-ball-bearings/6811n-dgbb-sr-n.html,https://www.oss.nsk.com/products/bearings/ball-bearings/deep-groove-ball-bearings/single-row-deep-groove-ball-bearings/6811n-dgbb-sr-n.html
https://www.oss.nsk.com/products/bearings/ball-bearings/deep-groove-ball-bearings/single-row-deep-groove-ball-bearings/6811nr-dgbb-sr-nr.html,https://www.oss.nsk.com/products/bearings/ball-bearings/deep-groove-ball-bearings/single-row-deep-groove-ball-bearings/6811nr-dgbb-sr-nr.html
https://www.oss.nsk.com/products/bearings/ball-bearings/deep-groove-ball-bearings/single-row-deep-groove-ball-bearings/6811vv-dgbb-sr.html,https://www.oss.nsk.com/products/bearings/ball-bearings/deep-groove-ball-bearings/single-row-deep-groove-ball-bearings/6811vv-dgbb-sr.html
https://www.oss.nsk.com/products/bearings/ball-bearings/deep-groove-ball-bearings/single-row-deep-groove-ball-bearings/6811zz-dgbb-sr.html,https://www.oss.nsk.com/products/bearings/ball-bearings/deep-groove-ball-bearings/single-row-deep-groove-ball-bearings/6811zz-dgbb-sr.html
https://www.oss.nsk.com/products/bearings/ball-bearings/deep-groove-ball-bearings/single-row-deep-groove-ball-bearings/6911-dgbb-sr.html,https://www.oss.nsk.com/products/bearings/ball-bearings/deep-groove-ball-bearings/single-row-deep-groove-ball-bearings/6911-dgbb-sr.html
https://www.oss.nsk.com/products/bearings/ball-bearings/deep-groove-ball-bearings/single-row-deep-groove-ball-bearings/6911ddu-dgbb-sr.html,https://www.oss.nsk.com/products/bearings/ball-bearings/deep-groove-ball-bearings/single-row-deep-groove-ball-bearings/6911ddu-dgbb-sr.html
https://www.oss.nsk.com/products/bearings/ball-bearings/deep-groove-ball-bearings/single-row-deep-groove-ball-bearings/6911n-dgbb-sr-n.html,https://www.oss.nsk.com/products/bearings/ball-bearings/deep-groove-ball-bearings/single-row-deep-groove-ball-bearings/6911n-dgbb-sr-n.html
https://www.oss.nsk.com/products/bearings/ball-bearings/deep-groove-ball-bearings/single-row-deep-groove-ball-bearings/6911nr-dgbb-sr-nr.html,https://www.oss.nsk.com/products/bearings/ball-bearings/deep-groove-ball-bearings/single-row-deep-groove-ball-bearings/6911nr-dgbb-sr-nr.html
https://www.oss.nsk.com/products/bearings/ball-bearings/deep-groove-ball-bearings/single-row-deep-groove-ball-bearings/6911vv-dgbb-sr.html,https://www.oss.nsk.com/products/bearings/ball-bearings/deep-groove-ball-bearings/single-row-deep-groove-ball-bearings/6911vv-dgbb-sr.html
https://www.oss.nsk.com/products/bearings/ball-bearings/deep-groove-ball-bearings/single-row-deep-groove-ball-bearings/6911zz-dgbb-sr.html,https://www.oss.nsk.com/products/bearings/ball-bearings/deep-groove-ball-bearings/single-row-deep-groove-ball-bearings/6911zz-dgbb-sr.html
https://www.oss.nsk.com/products/bearings/ball-bearings/deep-groove-ball-bearings/single-row-deep-groove-ball-bearings/16011-dgbb-sr.html,https://www.oss.nsk.com/products/bearings/ball-bearings/deep-groove-ball-bearings/single-row-deep-groove-ball-bearings/16011-dgbb-sr.html
https://www.oss.nsk.com/products/bearings/ball-bearings/deep-groove-ball-bearings/single-row-deep-groove-ball-bearings/6011-dgbb-sr.html,https://www.oss.nsk.com/products/bearings/ball-bearings/deep-groove-ball-bearings/single-row-deep-groove-ball-bearings/6011-dgbb-sr.html
https://www.oss.nsk.com/products/bearings/ball-bearings/deep-groove-ball-bearings/single-row-deep-groove-ball-bearings/6011ddu-dgbb-sr.html,https://www.oss.nsk.com/products/bearings/ball-bearings/deep-groove-ball-bearings/single-row-deep-groove-ball-bearings/6011ddu-dgbb-sr.html
https://www.oss.nsk.com/products/bearings/ball-bearings/deep-groove-ball-bearings/single-row-deep-groove-ball-bearings/6011n-dgbb-sr-n.html,https://www.oss.nsk.com/products/bearings/ball-bearings/deep-groove-ball-bearings/single-row-deep-groove-ball-bearings/6011n-dgbb-sr-n.html
https://www.oss.nsk.com/products/bearings/ball-bearings/deep-groove-ball-bearings/single-row-deep-groove-ball-bearings/6011nr-dgbb-sr-nr.html,https://www.oss.nsk.com/products/bearings/ball-bearings/deep-groove-ball-bearings/single-row-deep-groove-ball-bearings/6011nr-dgbb-sr-nr.html
https://www.oss.nsk.com/products/bearings/ball-bearings/deep-groove-ball-bearings/single-row-deep-groove-ball-bearings/6011vv-dgbb-sr.html,https://www.oss.nsk.com/products/bearings/ball-bearings/deep-groove-ball-bearings/single-row-deep-groove-ball-bearings/6011vv-dgbb-sr.html
https://www.oss.nsk.com/products/bearings/ball-bearings/deep-groove-ball-bearings/single-row-deep-groove-ball-bearings/6011zz-dgbb-sr.html,https://www.oss.nsk.com/products/bearings/ball-bearings/deep-groove-ball-bearings/single-row-deep-groove-ball-bearings/6011zz-dgbb-sr.html
https://www.oss.nsk.com/products/bearings/ball-bearings/deep-groove-ball-bearings/single-row-deep-groove-ball-bearings/6211-dgbb-sr.html,https://www.oss.nsk.com/products/bearings/ball-bearings/deep-groove-ball-bearings/single-row-deep-groove-ball-bearings/6211-dgbb-sr.html
https://www.oss.nsk.com/products/bearings/ball-bearings/deep-groove-ball-bearings/single-row-deep-groove-ball-bearings/6211ddu-dgbb-sr.html,https://www.oss.nsk.com/products/bearings/ball-bearings/deep-groove-ball-bearings/single-row-deep-groove-ball-bearings/6211ddu-dgbb-sr.html
https://www.oss.nsk.com/products/bearings/ball-bearings/deep-groove-ball-bearings/single-row-deep-groove-ball-bearings/6211n-dgbb-sr-n.html,https://www.oss.nsk.com/products/bearings/ball-bearings/deep-groove-ball-bearings/single-row-deep-groove-ball-bearings/6211n-dgbb-sr-n.html
https://www.oss.nsk.com/products/bearings/ball-bearings/deep-groove-ball-bearings/single-row-deep-groove-ball-bearings/6211nr-dgbb-sr-nr.html,https://www.oss.nsk.com/products/bearings/ball-bearings/deep-groove-ball-bearings/single-row-deep-groove-ball-bearings/6211nr-dgbb-sr-nr.html
https://www.oss.nsk.com/products/bearings/ball-bearings/deep-groove-ball-bearings/single-row-deep-groove-ball-bearings/6211vv-dgbb-sr.html,https://www.oss.nsk.com/products/bearings/ball-bearings/deep-groove-ball-bearings/single-row-deep-groove-ball-bearings/6211vv-dgbb-sr.html
https://www.oss.nsk.com/products/bearings/ball-bearings/deep-groove-ball-bearings/single-row-deep-groove-ball-bearings/6211zz-dgbb-sr.html,https://www.oss.nsk.com/products/bearings/ball-bearings/deep-groove-ball-bearings/single-row-deep-groove-ball-bearings/6211zz-dgbb-sr.html
https://www.oss.nsk.com/products/bearings/ball-bearings/deep-groove-ball-bearings/single-row-deep-groove-ball-bearings/6311-dgbb-sr.html,https://www.oss.nsk.com/products/bearings/ball-bearings/deep-groove-ball-bearings/single-row-deep-groove-ball-bearings/6311-dgbb-sr.html
https://www.oss.nsk.com/products/bearings/ball-bearings/deep-groove-ball-bearings/single-row-deep-groove-ball-bearings/6311ddu-dgbb-sr.html,https://www.oss.nsk.com/products/bearings/ball-bearings/deep-groove-ball-bearings/single-row-deep-groove-ball-bearings/6311ddu-dgbb-sr.html
https://www.oss.nsk.com/products/bearings/ball-bearings/deep-groove-ball-bearings/single-row-deep-groove-ball-bearings/6311n-dgbb-sr-n.html,https://www.oss.nsk.com/products/bearings/ball-bearings/deep-groove-ball-bearings/single-row-deep-groove-ball-bearings/6311n-dgbb-sr-n.html
https://www.oss.nsk.com/products/bearings/ball-bearings/deep-groove-ball-bearings/single-row-deep-groove-ball-bearings/6311nr-dgbb-sr-nr.html,https://www.oss.nsk.com/products/bearings/ball-bearings/deep-groove-ball-bearings/single-row-deep-groove-ball-bearings/6311nr-dgbb-sr-nr.html
https://www.oss.nsk.com/products/bearings/ball-bearings/deep-groove-ball-bearings/single-row-deep-groove-ball-bearings/6311vv-dgbb-sr.html,https://www.oss.nsk.com/products/bearings/ball-bearings/deep-groove-ball-bearings/single-row-deep-groove-ball-bearings/6311vv-dgbb-sr.html
https://www.oss.nsk.com/products/bearings/ball-bearings/deep-groove-ball-bearings/single-row-deep-groove-ball-bearings/6311zz-dgbb-sr.html,https://www.oss.nsk.com/products/bearings/ball-bearings/deep-groove-ball-bearings/single-row-deep-groove-ball-bearings/6311zz-dgbb-sr.html
https://www.oss.nsk.com/products/bearings/ball-bearings/deep-groove-ball-bearings/single-row-deep-groove-ball-bearings/6812-dgbb-sr.html,https://www.oss.nsk.com/products/bearings/ball-bearings/deep-groove-ball-bearings/single-row-deep-groove-ball-bearings/6812-dgbb-sr.html
https://www.oss.nsk.com/products/bearings/ball-bearings/deep-groove-ball-bearings/single-row-deep-groove-ball-bearings/6812dd-dgbb-sr.html,https://www.oss.nsk.com/products/bearings/ball-bearings/deep-groove-ball-bearings/single-row-deep-groove-ball-bearings/6812dd-dgbb-sr.html
https://www.oss.nsk.com/products/bearings/ball-bearings/deep-groove-ball-bearings/single-row-deep-groove-ball-bearings/6812n-dgbb-sr-n.html,https://www.oss.nsk.com/products/bearings/ball-bearings/deep-groove-ball-bearings/single-row-deep-groove-ball-bearings/6812n-dgbb-sr-n.html
https://www.oss.nsk.com/products/bearings/ball-bearings/deep-groove-ball-bearings/single-row-deep-groove-ball-bearings/6812nr-dgbb-sr-nr.html,https://www.oss.nsk.com/products/bearings/ball-bearings/deep-groove-ball-bearings/single-row-deep-groove-ball-bearings/6812nr-dgbb-sr-nr.html
https://www.oss.nsk.com/products/bearings/ball-bearings/deep-groove-ball-bearings/single-row-deep-groove-ball-bearings/6812vv-dgbb-sr.html,https://www.oss.nsk.com/products/bearings/ball-bearings/deep-groove-ball-bearings/single-row-deep-groove-ball-bearings/6812vv-dgbb-sr.html
https://www.oss.nsk.com/products/bearings/ball-bearings/deep-groove-ball-bearings/single-row-deep-groove-ball-bearings/6812zz-dgbb-sr.html,https://www.oss.nsk.com/products/bearings/ball-bearings/deep-groove-ball-bearings/single-row-deep-groove-ball-bearings/6812zz-dgbb-sr.html
https://www.oss.nsk.com/products/bearings/ball-bearings/deep-groove-ball-bearings/single-row-deep-groove-ball-bearings/6912-dgbb-sr.html,https://www.oss.nsk.com/products/bearings/ball-bearings/deep-groove-ball-bearings/single-row-deep-groove-ball-bearings/6912-dgbb-sr.html
https://www.oss.nsk.com/products/bearings/ball-bearings/deep-groove-ball-bearings/single-row-deep-groove-ball-bearings/6912ddu-dgbb-sr.html,https://www.oss.nsk.com/products/bearings/ball-bearings/deep-groove-ball-bearings/single-row-deep-groove-ball-bearings/6912ddu-dgbb-sr.html
https://www.oss.nsk.com/products/bearings/ball-bearings/deep-groove-ball-bearings/single-row-deep-groove-ball-bearings/6912n-dgbb-sr-n.html,https://www.oss.nsk.com/products/bearings/ball-bearings/deep-groove-ball-bearings/single-row-deep-groove-ball-bearings/6912n-dgbb-sr-n.html
https://www.oss.nsk.com/products/bearings/ball-bearings/deep-groove-ball-bearings/single-row-deep-groove-ball-bearings/6912nr-dgbb-sr-nr.html,https://www.oss.nsk.com/products/bearings/ball-bearings/deep-groove-ball-bearings/single-row-deep-groove-ball-bearings/6912nr-dgbb-sr-nr.html
https://www.oss.nsk.com/products/bearings/ball-bearings/deep-groove-ball-bearings/single-row-deep-groove-ball-bearings/6912vv-dgbb-sr.html,https://www.oss.nsk.com/products/bearings/ball-bearings/deep-groove-ball-bearings/single-row-deep-groove-ball-bearings/6912vv-dgbb-sr.html
https://www.oss.nsk.com/products/bearings/ball-bearings/deep-groove-ball-bearings/single-row-deep-groove-ball-bearings/6912zz-dgbb-sr.html,https://www.oss.nsk.com/products/bearings/ball-bearings/deep-groove-ball-bearings/single-row-deep-groove-ball-bearings/6912zz-dgbb-sr.html
https://www.oss.nsk.com/products/bearings/ball-bearings/deep-groove-ball-bearings/single-row-deep-groove-ball-bearings/16012-dgbb-sr.html,https://www.oss.nsk.com/products/bearings/ball-bearings/deep-groove-ball-bearings/single-row-deep-groove-ball-bearings/16012-dgbb-sr.html
https://www.oss.nsk.com/products/bearings/ball-bearings/deep-groove-ball-bearings/single-row-deep-groove-ball-bearings/6012-dgbb-sr.html,https://www.oss.nsk.com/products/bearings/ball-bearings/deep-groove-ball-bearings/single-row-deep-groove-ball-bearings/6012-dgbb-sr.html
https://www.oss.nsk.com/products/bearings/ball-bearings/deep-groove-ball-bearings/single-row-deep-groove-ball-bearings/6012ddu-dgbb-sr.html,https://www.oss.nsk.com/products/bearings/ball-bearings/deep-groove-ball-bearings/single-row-deep-groove-ball-bearings/6012ddu-dgbb-sr.html
https://www.oss.nsk.com/products/bearings/ball-bearings/deep-groove-ball-bearings/single-row-deep-groove-ball-bearings/6012n-dgbb-sr-n.html,https://www.oss.nsk.com/products/bearings/ball-bearings/deep-groove-ball-bearings/single-row-deep-groove-ball-bearings/6012n-dgbb-sr-n.html
https://www.oss.nsk.com/products/bearings/ball-bearings/deep-groove-ball-bearings/single-row-deep-groove-ball-bearings/6012nr-dgbb-sr-nr.html,https://www.oss.nsk.com/products/bearings/ball-bearings/deep-groove-ball-bearings/single-row-deep-groove-ball-bearings/6012nr-dgbb-sr-nr.html
https://www.oss.nsk.com/products/bearings/ball-bearings/deep-groove-ball-bearings/single-row-deep-groove-ball-bearings/6012vv-dgbb-sr.html,https://www.oss.nsk.com/products/bearings/ball-bearings/deep-groove-ball-bearings/single-row-deep-groove-ball-bearings/6012vv-dgbb-sr.html
https://www.oss.nsk.com/products/bearings/ball-bearings/deep-groove-ball-bearings/single-row-deep-groove-ball-bearings/6012zz-dgbb-sr.html,https://www.oss.nsk.com/products/bearings/ball-bearings/deep-groove-ball-bearings/single-row-deep-groove-ball-bearings/6012zz-dgbb-sr.html
https://www.oss.nsk.com/products/bearings/ball-bearings/deep-groove-ball-bearings/single-row-deep-groove-ball-bearings/6212-dgbb-sr.html,https://www.oss.nsk.com/products/bearings/ball-bearings/deep-groove-ball-bearings/single-row-deep-groove-ball-bearings/6212-dgbb-sr.html
https://www.oss.nsk.com/products/bearings/ball-bearings/deep-groove-ball-bearings/single-row-deep-groove-ball-bearings/6212ddu-dgbb-sr.html,https://www.oss.nsk.com/products/bearings/ball-bearings/deep-groove-ball-bearings/single-row-deep-groove-ball-bearings/6212ddu-dgbb-sr.html
https://www.oss.nsk.com/products/bearings/ball-bearings/deep-groove-ball-bearings/single-row-deep-groove-ball-bearings/6212n-dgbb-sr-n.html,https://www.oss.nsk.com/products/bearings/ball-bearings/deep-groove-ball-bearings/single-row-deep-groove-ball-bearings/6212n-dgbb-sr-n.html
https://www.oss.nsk.com/products/bearings/ball-bearings/deep-groove-ball-bearings/single-row-deep-groove-ball-bearings/6212nr-dgbb-sr-nr.html,https://www.oss.nsk.com/products/bearings/ball-bearings/deep-groove-ball-bearings/single-row-deep-groove-ball-bearings/6212nr-dgbb-sr-nr.html
https://www.oss.nsk.com/products/bearings/ball-bearings/deep-groove-ball-bearings/single-row-deep-groove-ball-bearings/6212vv-dgbb-sr.html,https://www.oss.nsk.com/products/bearings/ball-bearings/deep-groove-ball-bearings/single-row-deep-groove-ball-bearings/6212vv-dgbb-sr.html
https://www.oss.nsk.com/products/bearings/ball-bearings/deep-groove-ball-bearings/single-row-deep-groove-ball-bearings/6212zz-dgbb-sr.html,https://www.oss.nsk.com/products/bearings/ball-bearings/deep-groove-ball-bearings/single-row-deep-groove-ball-bearings/6212zz-dgbb-sr.html
https://www.oss.nsk.com/products/bearings/ball-bearings/deep-groove-ball-bearings/single-row-deep-groove-ball-bearings/6312-dgbb-sr.html,https://www.oss.nsk.com/products/bearings/ball-bearings/deep-groove-ball-bearings/single-row-deep-groove-ball-bearings/6312-dgbb-sr.html
https://www.oss.nsk.com/products/bearings/ball-bearings/deep-groove-ball-bearings/single-row-deep-groove-ball-bearings/6312ddu-dgbb-sr.html,https://www.oss.nsk.com/products/bearings/ball-bearings/deep-groove-ball-bearings/single-row-deep-groove-ball-bearings/6312ddu-dgbb-sr.html
https://www.oss.nsk.com/products/bearings/ball-bearings/deep-groove-ball-bearings/single-row-deep-groove-ball-bearings/6312n-dgbb-sr-n.html,https://www.oss.nsk.com/products/bearings/ball-bearings/deep-groove-ball-bearings/single-row-deep-groove-ball-bearings/6312n-dgbb-sr-n.html
https://www.oss.nsk.com/products/bearings/ball-bearings/deep-groove-ball-bearings/single-row-deep-groove-ball-bearings/6312nr-dgbb-sr-nr.html,https://www.oss.nsk.com/products/bearings/ball-bearings/deep-groove-ball-bearings/single-row-deep-groove-ball-bearings/6312nr-dgbb-sr-nr.html
https://www.oss.nsk.com/products/bearings/ball-bearings/deep-groove-ball-bearings/single-row-deep-groove-ball-bearings/6312vv-dgbb-sr.html,https://www.oss.nsk.com/products/bearings/ball-bearings/deep-groove-ball-bearings/single-row-deep-groove-ball-bearings/6312vv-dgbb-sr.html
https://www.oss.nsk.com/products/bearings/ball-bearings/deep-groove-ball-bearings/single-row-deep-groove-ball-bearings/6312zz-dgbb-sr.html,https://www.oss.nsk.com/products/bearings/ball-bearings/deep-groove-ball-bearings/single-row-deep-groove-ball-bearings/6312zz-dgbb-sr.html
https://www.oss.nsk.com/products/bearings/ball-bearings/deep-groove-ball-bearings/single-row-deep-groove-ball-bearings/6813-dgbb-sr.html,https://www.oss.nsk.com/products/bearings/ball-bearings/deep-groove-ball-bearings/single-row-deep-groove-ball-bearings/6813-dgbb-sr.html
https://www.oss.nsk.com/products/bearings/ball-bearings/deep-groove-ball-bearings/single-row-deep-groove-ball-bearings/6813dd-dgbb-sr.html,https://www.oss.nsk.com/products/bearings/ball-bearings/deep-groove-ball-bearings/single-row-deep-groove-ball-bearings/6813dd-dgbb-sr.html
https://www.oss.nsk.com/products/bearings/ball-bearings/deep-groove-ball-bearings/single-row-deep-groove-ball-bearings/6813n-dgbb-sr-n.html,https://www.oss.nsk.com/products/bearings/ball-bearings/deep-groove-ball-bearings/single-row-deep-groove-ball-bearings/6813n-dgbb-sr-n.html
https://www.oss.nsk.com/products/bearings/ball-bearings/deep-groove-ball-bearings/single-row-deep-groove-ball-bearings/6813nr-dgbb-sr-nr.html,https://www.oss.nsk.com/products/bearings/ball-bearings/deep-groove-ball-bearings/single-row-deep-groove-ball-bearings/6813nr-dgbb-sr-nr.html
https://www.oss.nsk.com/products/bearings/ball-bearings/deep-groove-ball-bearings/single-row-deep-groove-ball-bearings/6813vv-dgbb-sr.html,https://www.oss.nsk.com/products/bearings/ball-bearings/deep-groove-ball-bearings/single-row-deep-groove-ball-bearings/6813vv-dgbb-sr.html
https://www.oss.nsk.com/products/bearings/ball-bearings/deep-groove-ball-bearings/single-row-deep-groove-ball-bearings/6813zz-dgbb-sr.html,https://www.oss.nsk.com/products/bearings/ball-bearings/deep-groove-ball-bearings/single-row-deep-groove-ball-bearings/6813zz-dgbb-sr.html
https://www.oss.nsk.com/products/bearings/ball-bearings/deep-groove-ball-bearings/single-row-deep-groove-ball-bearings/6913-dgbb-sr.html,https://www.oss.nsk.com/products/bearings/ball-bearings/deep-groove-ball-bearings/single-row-deep-groove-ball-bearings/6913-dgbb-sr.html
https://www.oss.nsk.com/products/bearings/ball-bearings/deep-groove-ball-bearings/single-row-deep-groove-ball-bearings/6913ddu-dgbb-sr.html,https://www.oss.nsk.com/products/bearings/ball-bearings/deep-groove-ball-bearings/single-row-deep-groove-ball-bearings/6913ddu-dgbb-sr.html
https://www.oss.nsk.com/products/bearings/ball-bearings/deep-groove-ball-bearings/single-row-deep-groove-ball-bearings/6913n-dgbb-sr-n.html,https://www.oss.nsk.com/products/bearings/ball-bearings/deep-groove-ball-bearings/single-row-deep-groove-ball-bearings/6913n-dgbb-sr-n.html
https://www.oss.nsk.com/products/bearings/ball-bearings/deep-groove-ball-bearings/single-row-deep-groove-ball-bearings/6913nr-dgbb-sr-nr.html,https://www.oss.nsk.com/products/bearings/ball-bearings/deep-groove-ball-bearings/single-row-deep-groove-ball-bearings/6913nr-dgbb-sr-nr.html
https://www.oss.nsk.com/products/bearings/ball-bearings/deep-groove-ball-bearings/single-row-deep-groove-ball-bearings/6913vv-dgbb-sr.html,https://www.oss.nsk.com/products/bearings/ball-bearings/deep-groove-ball-bearings/single-row-deep-groove-ball-bearings/6913vv-dgbb-sr.html
https://www.oss.nsk.com/products/bearings/ball-bearings/deep-groove-ball-bearings/single-row-deep-groove-ball-bearings/6913zz-dgbb-sr.html,https://www.oss.nsk.com/products/bearings/ball-bearings/deep-groove-ball-bearings/single-row-deep-groove-ball-bearings/6913zz-dgbb-sr.html
https://www.oss.nsk.com/products/bearings/ball-bearings/deep-groove-ball-bearings/single-row-deep-groove-ball-bearings/16013-dgbb-sr.html,https://www.oss.nsk.com/products/bearings/ball-bearings/deep-groove-ball-bearings/single-row-deep-groove-ball-bearings/16013-dgbb-sr.html
https://www.oss.nsk.com/products/bearings/ball-bearings/deep-groove-ball-bearings/single-row-deep-groove-ball-bearings/6013-dgbb-sr.html,https://www.oss.nsk.com/products/bearings/ball-bearings/deep-groove-ball-bearings/single-row-deep-groove-ball-bearings/6013-dgbb-sr.html
https://www.oss.nsk.com/products/bearings/ball-bearings/deep-groove-ball-bearings/single-row-deep-groove-ball-bearings/6013ddu-dgbb-sr.html,https://www.oss.nsk.com/products/bearings/ball-bearings/deep-groove-ball-bearings/single-row-deep-groove-ball-bearings/6013ddu-dgbb-sr.html
https://www.oss.nsk.com/products/bearings/ball-bearings/deep-groove-ball-bearings/single-row-deep-groove-ball-bearings/6013n-dgbb-sr-n.html,https://www.oss.nsk.com/products/bearings/ball-bearings/deep-groove-ball-bearings/single-row-deep-groove-ball-bearings/6013n-dgbb-sr-n.html
https://www.oss.nsk.com/products/bearings/ball-bearings/deep-groove-ball-bearings/single-row-deep-groove-ball-bearings/6013nr-dgbb-sr-nr.html,https://www.oss.nsk.com/products/bearings/ball-bearings/deep-groove-ball-bearings/single-row-deep-groove-ball-bearings/6013nr-dgbb-sr-nr.html
https://www.oss.nsk.com/products/bearings/ball-bearings/deep-groove-ball-bearings/single-row-deep-groove-ball-bearings/6013vv-dgbb-sr.html,https://www.oss.nsk.com/products/bearings/ball-bearings/deep-groove-ball-bearings/single-row-deep-groove-ball-bearings/6013vv-dgbb-sr.html
https://www.oss.nsk.com/products/bearings/ball-bearings/deep-groove-ball-bearings/single-row-deep-groove-ball-bearings/6013zz-dgbb-sr.html,https://www.oss.nsk.com/products/bearings/ball-bearings/deep-groove-ball-bearings/single-row-deep-groove-ball-bearings/6013zz-dgbb-sr.html
https://www.oss.nsk.com/products/bearings/ball-bearings/deep-groove-ball-bearings/single-row-deep-groove-ball-bearings/6213-dgbb-sr.html,https://www.oss.nsk.com/products/bearings/ball-bearings/deep-groove-ball-bearings/single-row-deep-groove-ball-bearings/6213-dgbb-sr.html
https://www.oss.nsk.com/products/bearings/ball-bearings/deep-groove-ball-bearings/single-row-deep-groove-ball-bearings/6213ddu-dgbb-sr.html,https://www.oss.nsk.com/products/bearings/ball-bearings/deep-groove-ball-bearings/single-row-deep-groove-ball-bearings/6213ddu-dgbb-sr.html
https://www.oss.nsk.com/products/bearings/ball-bearings/deep-groove-ball-bearings/single-row-deep-groove-ball-bearings/6213n-dgbb-sr-n.html,https://www.oss.nsk.com/products/bearings/ball-bearings/deep-groove-ball-bearings/single-row-deep-groove-ball-bearings/6213n-dgbb-sr-n.html
https://www.oss.nsk.com/products/bearings/ball-bearings/deep-groove-ball-bearings/single-row-deep-groove-ball-bearings/6213nr-dgbb-sr-nr.html,https://www.oss.nsk.com/products/bearings/ball-bearings/deep-groove-ball-bearings/single-row-deep-groove-ball-bearings/6213nr-dgbb-sr-nr.html
https://www.oss.nsk.com/products/bearings/ball-bearings/deep-groove-ball-bearings/single-row-deep-groove-ball-bearings/6213vv-dgbb-sr.html,https://www.oss.nsk.com/products/bearings/ball-bearings/deep-groove-ball-bearings/single-row-deep-groove-ball-bearings/6213vv-dgbb-sr.html
https://www.oss.nsk.com/products/bearings/ball-bearings/deep-groove-ball-bearings/single-row-deep-groove-ball-bearings/6213zz-dgbb-sr.html,https://www.oss.nsk.com/products/bearings/ball-bearings/deep-groove-ball-bearings/single-row-deep-groove-ball-bearings/6213zz-dgbb-sr.html
https://www.oss.nsk.com/products/bearings/ball-bearings/deep-groove-ball-bearings/single-row-deep-groove-ball-bearings/6313-dgbb-sr.html,https://www.oss.nsk.com/products/bearings/ball-bearings/deep-groove-ball-bearings/single-row-deep-groove-ball-bearings/6313-dgbb-sr.html
https://www.oss.nsk.com/products/bearings/ball-bearings/deep-groove-ball-bearings/single-row-deep-groove-ball-bearings/6313ddu-dgbb-sr.html,https://www.oss.nsk.com/products/bearings/ball-bearings/deep-groove-ball-bearings/single-row-deep-groove-ball-bearings/6313ddu-dgbb-sr.html
https://www.oss.nsk.com/products/bearings/ball-bearings/deep-groove-ball-bearings/single-row-deep-groove-ball-bearings/6313n-dgbb-sr-n.html,https://www.oss.nsk.com/products/bearings/ball-bearings/deep-groove-ball-bearings/single-row-deep-groove-ball-bearings/6313n-dgbb-sr-n.html
https://www.oss.nsk.com/products/bearings/ball-bearings/deep-groove-ball-bearings/single-row-deep-groove-ball-bearings/6313nr-dgbb-sr-nr.html,https://www.oss.nsk.com/products/bearings/ball-bearings/deep-groove-ball-bearings/single-row-deep-groove-ball-bearings/6313nr-dgbb-sr-nr.html
https://www.oss.nsk.com/products/bearings/ball-bearings/deep-groove-ball-bearings/single-row-deep-groove-ball-bearings/6313vv-dgbb-sr.html,https://www.oss.nsk.com/products/bearings/ball-bearings/deep-groove-ball-bearings/single-row-deep-groove-ball-bearings/6313vv-dgbb-sr.html
https://www.oss.nsk.com/products/bearings/ball-bearings/deep-groove-ball-bearings/single-row-deep-groove-ball-bearings/6313zz-dgbb-sr.html,https://www.oss.nsk.com/products/bearings/ball-bearings/deep-groove-ball-bearings/single-row-deep-groove-ball-bearings/6313zz-dgbb-sr.html
https://www.oss.nsk.com/products/bearings/ball-bearings/deep-groove-ball-bearings/single-row-deep-groove-ball-bearings/6814-dgbb-sr.html,https://www.oss.nsk.com/products/bearings/ball-bearings/deep-groove-ball-bearings/single-row-deep-groove-ball-bearings/6814-dgbb-sr.html
https://www.oss.nsk.com/products/bearings/ball-bearings/deep-groove-ball-bearings/single-row-deep-groove-ball-bearings/6814dd-dgbb-sr.html,https://www.oss.nsk.com/products/bearings/ball-bearings/deep-groove-ball-bearings/single-row-deep-groove-ball-bearings/6814dd-dgbb-sr.html
https://www.oss.nsk.com/products/bearings/ball-bearings/deep-groove-ball-bearings/single-row-deep-groove-ball-bearings/6814n-dgbb-sr-n.html,https://www.oss.nsk.com/products/bearings/ball-bearings/deep-groove-ball-bearings/single-row-deep-groove-ball-bearings/6814n-dgbb-sr-n.html
https://www.oss.nsk.com/products/bearings/ball-bearings/deep-groove-ball-bearings/single-row-deep-groove-ball-bearings/6814nr-dgbb-sr-nr.html,https://www.oss.nsk.com/products/bearings/ball-bearings/deep-groove-ball-bearings/single-row-deep-groove-ball-bearings/6814nr-dgbb-sr-nr.html
https://www.oss.nsk.com/products/bearings/ball-bearings/deep-groove-ball-bearings/single-row-deep-groove-ball-bearings/6814vv-dgbb-sr.html,https://www.oss.nsk.com/products/bearings/ball-bearings/deep-groove-ball-bearings/single-row-deep-groove-ball-bearings/6814vv-dgbb-sr.html
https://www.oss.nsk.com/products/bearings/ball-bearings/deep-groove-ball-bearings/single-row-deep-groove-ball-bearings/6814zz-dgbb-sr.html,https://www.oss.nsk.com/products/bearings/ball-bearings/deep-groove-ball-bearings/single-row-deep-groove-ball-bearings/6814zz-dgbb-sr.html
https://www.oss.nsk.com/products/bearings/ball-bearings/deep-groove-ball-bearings/single-row-deep-groove-ball-bearings/6914-dgbb-sr.html,https://www.oss.nsk.com/products/bearings/ball-bearings/deep-groove-ball-bearings/single-row-deep-groove-ball-bearings/6914-dgbb-sr.html
https://www.oss.nsk.com/products/bearings/ball-bearings/deep-groove-ball-bearings/single-row-deep-groove-ball-bearings/6914ddu-dgbb-sr.html,https://www.oss.nsk.com/products/bearings/ball-bearings/deep-groove-ball-bearings/single-row-deep-groove-ball-bearings/6914ddu-dgbb-sr.html
https://www.oss.nsk.com/products/bearings/ball-bearings/deep-groove-ball-bearings/single-row-deep-groove-ball-bearings/6914n-dgbb-sr-n.html,https://www.oss.nsk.com/products/bearings/ball-bearings/deep-groove-ball-bearings/single-row-deep-groove-ball-bearings/6914n-dgbb-sr-n.html
https://www.oss.nsk.com/products/bearings/ball-bearings/deep-groove-ball-bearings/single-row-deep-groove-ball-bearings/6914nr-dgbb-sr-nr.html,https://www.oss.nsk.com/products/bearings/ball-bearings/deep-groove-ball-bearings/single-row-deep-groove-ball-bearings/6914nr-dgbb-sr-nr.html
https://www.oss.nsk.com/products/bearings/ball-bearings/deep-groove-ball-bearings/single-row-deep-groove-ball-bearings/6914vv-dgbb-sr.html,https://www.oss.nsk.com/products/bearings/ball-bearings/deep-groove-ball-bearings/single-row-deep-groove-ball-bearings/6914vv-dgbb-sr.html
https://www.oss.nsk.com/products/bearings/ball-bearings/deep-groove-ball-bearings/single-row-deep-groove-ball-bearings/6914zz-dgbb-sr.html,https://www.oss.nsk.com/products/bearings/ball-bearings/deep-groove-ball-bearings/single-row-deep-groove-ball-bearings/6914zz-dgbb-sr.html
https://www.oss.nsk.com/products/bearings/ball-bearings/deep-groove-ball-bearings/single-row-deep-groove-ball-bearings/16014-dgbb-sr.html,https://www.oss.nsk.com/products/bearings/ball-bearings/deep-groove-ball-bearings/single-row-deep-groove-ball-bearings/16014-dgbb-sr.html
https://www.oss.nsk.com/products/bearings/ball-bearings/deep-groove-ball-bearings/single-row-deep-groove-ball-bearings/6014-dgbb-sr.html,https://www.oss.nsk.com/products/bearings/ball-bearings/deep-groove-ball-bearings/single-row-deep-groove-ball-bearings/6014-dgbb-sr.html
https://www.oss.nsk.com/products/bearings/ball-bearings/deep-groove-ball-bearings/single-row-deep-groove-ball-bearings/6014ddu-dgbb-sr.html,https://www.oss.nsk.com/products/bearings/ball-bearings/deep-groove-ball-bearings/single-row-deep-groove-ball-bearings/6014ddu-dgbb-sr.html
https://www.oss.nsk.com/products/bearings/ball-bearings/deep-groove-ball-bearings/single-row-deep-groove-ball-bearings/6014n-dgbb-sr-n.html,https://www.oss.nsk.com/products/bearings/ball-bearings/deep-groove-ball-bearings/single-row-deep-groove-ball-bearings/6014n-dgbb-sr-n.html
https://www.oss.nsk.com/products/bearings/ball-bearings/deep-groove-ball-bearings/single-row-deep-groove-ball-bearings/6014nr-dgbb-sr-nr.html,https://www.oss.nsk.com/products/bearings/ball-bearings/deep-groove-ball-bearings/single-row-deep-groove-ball-bearings/6014nr-dgbb-sr-nr.html
https://www.oss.nsk.com/products/bearings/ball-bearings/deep-groove-ball-bearings/single-row-deep-groove-ball-bearings/6014vv-dgbb-sr.html,https://www.oss.nsk.com/products/bearings/ball-bearings/deep-groove-ball-bearings/single-row-deep-groove-ball-bearings/6014vv-dgbb-sr.html
https://www.oss.nsk.com/products/bearings/ball-bearings/deep-groove-ball-bearings/single-row-deep-groove-ball-bearings/6014zz-dgbb-sr.html,https://www.oss.nsk.com/products/bearings/ball-bearings/deep-groove-ball-bearings/single-row-deep-groove-ball-bearings/6014zz-dgbb-sr.html
https://www.oss.nsk.com/products/bearings/ball-bearings/deep-groove-ball-bearings/single-row-deep-groove-ball-bearings/6214-dgbb-sr.html,https://www.oss.nsk.com/products/bearings/ball-bearings/deep-groove-ball-bearings/single-row-deep-groove-ball-bearings/6214-dgbb-sr.html
https://www.oss.nsk.com/products/bearings/ball-bearings/deep-groove-ball-bearings/single-row-deep-groove-ball-bearings/6214ddu-dgbb-sr.html,https://www.oss.nsk.com/products/bearings/ball-bearings/deep-groove-ball-bearings/single-row-deep-groove-ball-bearings/6214ddu-dgbb-sr.html
https://www.oss.nsk.com/products/bearings/ball-bearings/deep-groove-ball-bearings/single-row-deep-groove-ball-bearings/6214n-dgbb-sr-n.html,https://www.oss.nsk.com/products/bearings/ball-bearings/deep-groove-ball-bearings/single-row-deep-groove-ball-bearings/6214n-dgbb-sr-n.html
https://www.oss.nsk.com/products/bearings/ball-bearings/deep-groove-ball-bearings/single-row-deep-groove-ball-bearings/6214nr-dgbb-sr-nr.html,https://www.oss.nsk.com/products/bearings/ball-bearings/deep-groove-ball-bearings/single-row-deep-groove-ball-bearings/6214nr-dgbb-sr-nr.html
https://www.oss.nsk.com/products/bearings/ball-bearings/deep-groove-ball-bearings/single-row-deep-groove-ball-bearings/6214vv-dgbb-sr.html,https://www.oss.nsk.com/products/bearings/ball-bearings/deep-groove-ball-bearings/single-row-deep-groove-ball-bearings/6214vv-dgbb-sr.html
https://www.oss.nsk.com/products/bearings/ball-bearings/deep-groove-ball-bearings/single-row-deep-groove-ball-bearings/6214zz-dgbb-sr.html,https://www.oss.nsk.com/products/bearings/ball-bearings/deep-groove-ball-bearings/single-row-deep-groove-ball-bearings/6214zz-dgbb-sr.html
https://www.oss.nsk.com/products/bearings/ball-bearings/deep-groove-ball-bearings/single-row-deep-groove-ball-bearings/6314-dgbb-sr.html,https://www.oss.nsk.com/products/bearings/ball-bearings/deep-groove-ball-bearings/single-row-deep-groove-ball-bearings/6314-dgbb-sr.html
https://www.oss.nsk.com/products/bearings/ball-bearings/deep-groove-ball-bearings/single-row-deep-groove-ball-bearings/6314ddu-dgbb-sr.html,https://www.oss.nsk.com/products/bearings/ball-bearings/deep-groove-ball-bearings/single-row-deep-groove-ball-bearings/6314ddu-dgbb-sr.html
https://www.oss.nsk.com/products/bearings/ball-bearings/deep-groove-ball-bearings/single-row-deep-groove-ball-bearings/6314n-dgbb-sr-n.html,https://www.oss.nsk.com/products/bearings/ball-bearings/deep-groove-ball-bearings/single-row-deep-groove-ball-bearings/6314n-dgbb-sr-n.html
https://www.oss.nsk.com/products/bearings/ball-bearings/deep-groove-ball-bearings/single-row-deep-groove-ball-bearings/6314nr-dgbb-sr-nr.html,https://www.oss.nsk.com/products/bearings/ball-bearings/deep-groove-ball-bearings/single-row-deep-groove-ball-bearings/6314nr-dgbb-sr-nr.html
https://www.oss.nsk.com/products/bearings/ball-bearings/deep-groove-ball-bearings/single-row-deep-groove-ball-bearings/6314vv-dgbb-sr.html,https://www.oss.nsk.com/products/bearings/ball-bearings/deep-groove-ball-bearings/single-row-deep-groove-ball-bearings/6314vv-dgbb-sr.html
https://www.oss.nsk.com/products/bearings/ball-bearings/deep-groove-ball-bearings/single-row-deep-groove-ball-bearings/6314zz-dgbb-sr.html,https://www.oss.nsk.com/products/bearings/ball-bearings/deep-groove-ball-bearings/single-row-deep-groove-ball-bearings/6314zz-dgbb-sr.html
https://www.oss.nsk.com/products/bearings/ball-bearings/deep-groove-ball-bearings/single-row-deep-groove-ball-bearings/6815-dgbb-sr.html,https://www.oss.nsk.com/products/bearings/ball-bearings/deep-groove-ball-bearings/single-row-deep-groove-ball-bearings/6815-dgbb-sr.html
https://www.oss.nsk.com/products/bearings/ball-bearings/deep-groove-ball-bearings/single-row-deep-groove-ball-bearings/6815ddu-dgbb-sr.html,https://www.oss.nsk.com/products/bearings/ball-bearings/deep-groove-ball-bearings/single-row-deep-groove-ball-bearings/6815ddu-dgbb-sr.html
https://www.oss.nsk.com/products/bearings/ball-bearings/deep-groove-ball-bearings/single-row-deep-groove-ball-bearings/6815n-dgbb-sr-n.html,https://www.oss.nsk.com/products/bearings/ball-bearings/deep-groove-ball-bearings/single-row-deep-groove-ball-bearings/6815n-dgbb-sr-n.html
https://www.oss.nsk.com/products/bearings/ball-bearings/deep-groove-ball-bearings/single-row-deep-groove-ball-bearings/6815nr-dgbb-sr-nr.html,https://www.oss.nsk.com/products/bearings/ball-bearings/deep-groove-ball-bearings/single-row-deep-groove-ball-bearings/6815nr-dgbb-sr-nr.html
https://www.oss.nsk.com/products/bearings/ball-bearings/deep-groove-ball-bearings/single-row-deep-groove-ball-bearings/6815vv-dgbb-sr.html,https://www.oss.nsk.com/products/bearings/ball-bearings/deep-groove-ball-bearings/single-row-deep-groove-ball-bearings/6815vv-dgbb-sr.html
https://www.oss.nsk.com/products/bearings/ball-bearings/deep-groove-ball-bearings/single-row-deep-groove-ball-bearings/6815zz-dgbb-sr.html,https://www.oss.nsk.com/products/bearings/ball-bearings/deep-groove-ball-bearings/single-row-deep-groove-ball-bearings/6815zz-dgbb-sr.html
https://www.oss.nsk.com/products/bearings/ball-bearings/deep-groove-ball-bearings/single-row-deep-groove-ball-bearings/6915-dgbb-sr.html,https://www.oss.nsk.com/products/bearings/ball-bearings/deep-groove-ball-bearings/single-row-deep-groove-ball-bearings/6915-dgbb-sr.html
https://www.oss.nsk.com/products/bearings/ball-bearings/deep-groove-ball-bearings/single-row-deep-groove-ball-bearings/6915ddu-dgbb-sr.html,https://www.oss.nsk.com/products/bearings/ball-bearings/deep-groove-ball-bearings/single-row-deep-groove-ball-bearings/6915ddu-dgbb-sr.html
https://www.oss.nsk.com/products/bearings/ball-bearings/deep-groove-ball-bearings/single-row-deep-groove-ball-bearings/6915n-dgbb-sr-n.html,https://www.oss.nsk.com/products/bearings/ball-bearings/deep-groove-ball-bearings/single-row-deep-groove-ball-bearings/6915n-dgbb-sr-n.html
https://www.oss.nsk.com/products/bearings/ball-bearings/deep-groove-ball-bearings/single-row-deep-groove-ball-bearings/6915nr-dgbb-sr-nr.html,https://www.oss.nsk.com/products/bearings/ball-bearings/deep-groove-ball-bearings/single-row-deep-groove-ball-bearings/6915nr-dgbb-sr-nr.html
https://www.oss.nsk.com/products/bearings/ball-bearings/deep-groove-ball-bearings/single-row-deep-groove-ball-bearings/6915vv-dgbb-sr.html,https://www.oss.nsk.com/products/bearings/ball-bearings/deep-groove-ball-bearings/single-row-deep-groove-ball-bearings/6915vv-dgbb-sr.html
https://www.oss.nsk.com/products/bearings/ball-bearings/deep-groove-ball-bearings/single-row-deep-groove-ball-bearings/6915zz-dgbb-sr.html,https://www.oss.nsk.com/products/bearings/ball-bearings/deep-groove-ball-bearings/single-row-deep-groove-ball-bearings/6915zz-dgbb-sr.html
https://www.oss.nsk.com/products/bearings/ball-bearings/deep-groove-ball-bearings/single-row-deep-groove-ball-bearings/16015-dgbb-sr.html,https://www.oss.nsk.com/products/bearings/ball-bearings/deep-groove-ball-bearings/single-row-deep-groove-ball-bearings/16015-dgbb-sr.html
https://www.oss.nsk.com/products/bearings/ball-bearings/deep-groove-ball-bearings/single-row-deep-groove-ball-bearings/6015-dgbb-sr.html,https://www.oss.nsk.com/products/bearings/ball-bearings/deep-groove-ball-bearings/single-row-deep-groove-ball-bearings/6015-dgbb-sr.html
https://www.oss.nsk.com/products/bearings/ball-bearings/deep-groove-ball-bearings/single-row-deep-groove-ball-bearings/6015ddu-dgbb-sr.html,https://www.oss.nsk.com/products/bearings/ball-bearings/deep-groove-ball-bearings/single-row-deep-groove-ball-bearings/6015ddu-dgbb-sr.html
https://www.oss.nsk.com/products/bearings/ball-bearings/deep-groove-ball-bearings/single-row-deep-groove-ball-bearings/6015n-dgbb-sr-n.html,https://www.oss.nsk.com/products/bearings/ball-bearings/deep-groove-ball-bearings/single-row-deep-groove-ball-bearings/6015n-dgbb-sr-n.html
https://www.oss.nsk.com/products/bearings/ball-bearings/deep-groove-ball-bearings/single-row-deep-groove-ball-bearings/6015nr-dgbb-sr-nr.html,https://www.oss.nsk.com/products/bearings/ball-bearings/deep-groove-ball-bearings/single-row-deep-groove-ball-bearings/6015nr-dgbb-sr-nr.html
https://www.oss.nsk.com/products/bearings/ball-bearings/deep-groove-ball-bearings/single-row-deep-groove-ball-bearings/6015vv-dgbb-sr.html,https://www.oss.nsk.com/products/bearings/ball-bearings/deep-groove-ball-bearings/single-row-deep-groove-ball-bearings/6015vv-dgbb-sr.html
https://www.oss.nsk.com/products/bearings/ball-bearings/deep-groove-ball-bearings/single-row-deep-groove-ball-bearings/6015zz-dgbb-sr.html,https://www.oss.nsk.com/products/bearings/ball-bearings/deep-groove-ball-bearings/single-row-deep-groove-ball-bearings/6015zz-dgbb-sr.html
https://www.oss.nsk.com/products/bearings/ball-bearings/deep-groove-ball-bearings/single-row-deep-groove-ball-bearings/6215-dgbb-sr.html,https://www.oss.nsk.com/products/bearings/ball-bearings/deep-groove-ball-bearings/single-row-deep-groove-ball-bearings/6215-dgbb-sr.html
https://www.oss.nsk.com/products/bearings/ball-bearings/deep-groove-ball-bearings/single-row-deep-groove-ball-bearings/6215ddu-dgbb-sr.html,https://www.oss.nsk.com/products/bearings/ball-bearings/deep-groove-ball-bearings/single-row-deep-groove-ball-bearings/6215ddu-dgbb-sr.html
https://www.oss.nsk.com/products/bearings/ball-bearings/deep-groove-ball-bearings/single-row-deep-groove-ball-bearings/6215n-dgbb-sr-n.html,https://www.oss.nsk.com/products/bearings/ball-bearings/deep-groove-ball-bearings/single-row-deep-groove-ball-bearings/6215n-dgbb-sr-n.html
https://www.oss.nsk.com/products/bearings/ball-bearings/deep-groove-ball-bearings/single-row-deep-groove-ball-bearings/6215nr-dgbb-sr-nr.html,https://www.oss.nsk.com/products/bearings/ball-bearings/deep-groove-ball-bearings/single-row-deep-groove-ball-bearings/6215nr-dgbb-sr-nr.html
https://www.oss.nsk.com/products/bearings/ball-bearings/deep-groove-ball-bearings/single-row-deep-groove-ball-bearings/6215vv-dgbb-sr.html,https://www.oss.nsk.com/products/bearings/ball-bearings/deep-groove-ball-bearings/single-row-deep-groove-ball-bearings/6215vv-dgbb-sr.html
https://www.oss.nsk.com/products/bearings/ball-bearings/deep-groove-ball-bearings/single-row-deep-groove-ball-bearings/6215zz-dgbb-sr.html,https://www.oss.nsk.com/products/bearings/ball-bearings/deep-groove-ball-bearings/single-row-deep-groove-ball-bearings/6215zz-dgbb-sr.html
https://www.oss.nsk.com/products/bearings/ball-bearings/deep-groove-ball-bearings/single-row-deep-groove-ball-bearings/6315-dgbb-sr.html,https://www.oss.nsk.com/products/bearings/ball-bearings/deep-groove-ball-bearings/single-row-deep-groove-ball-bearings/6315-dgbb-sr.html
https://www.oss.nsk.com/products/bearings/ball-bearings/deep-groove-ball-bearings/single-row-deep-groove-ball-bearings/6315ddu-dgbb-sr.html,https://www.oss.nsk.com/products/bearings/ball-bearings/deep-groove-ball-bearings/single-row-deep-groove-ball-bearings/6315ddu-dgbb-sr.html
https://www.oss.nsk.com/products/bearings/ball-bearings/deep-groove-ball-bearings/single-row-deep-groove-ball-bearings/6315n-dgbb-sr-n.html,https://www.oss.nsk.com/products/bearings/ball-bearings/deep-groove-ball-bearings/single-row-deep-groove-ball-bearings/6315n-dgbb-sr-n.html
https://www.oss.nsk.com/products/bearings/ball-bearings/deep-groove-ball-bearings/single-row-deep-groove-ball-bearings/6315nr-dgbb-sr-nr.html,https://www.oss.nsk.com/products/bearings/ball-bearings/deep-groove-ball-bearings/single-row-deep-groove-ball-bearings/6315nr-dgbb-sr-nr.html
https://www.oss.nsk.com/products/bearings/ball-bearings/deep-groove-ball-bearings/single-row-deep-groove-ball-bearings/6315vv-dgbb-sr.html,https://www.oss.nsk.com/products/bearings/ball-bearings/deep-groove-ball-bearings/single-row-deep-groove-ball-bearings/6315vv-dgbb-sr.html
https://www.oss.nsk.com/products/bearings/ball-bearings/deep-groove-ball-bearings/single-row-deep-groove-ball-bearings/6315zz-dgbb-sr.html,https://www.oss.nsk.com/products/bearings/ball-bearings/deep-groove-ball-bearings/single-row-deep-groove-ball-bearings/6315zz-dgbb-sr.html
https://www.oss.nsk.com/products/bearings/ball-bearings/deep-groove-ball-bearings/single-row-deep-groove-ball-bearings/6816-dgbb-sr.html,https://www.oss.nsk.com/products/bearings/ball-bearings/deep-groove-ball-bearings/single-row-deep-groove-ball-bearings/6816-dgbb-sr.html
https://www.oss.nsk.com/products/bearings/ball-bearings/deep-groove-ball-bearings/single-row-deep-groove-ball-bearings/6816ddu-dgbb-sr.html,https://www.oss.nsk.com/products/bearings/ball-bearings/deep-groove-ball-bearings/single-row-deep-groove-ball-bearings/6816ddu-dgbb-sr.html
https://www.oss.nsk.com/products/bearings/ball-bearings/deep-groove-ball-bearings/single-row-deep-groove-ball-bearings/6816n-dgbb-sr-n.html,https://www.oss.nsk.com/products/bearings/ball-bearings/deep-groove-ball-bearings/single-row-deep-groove-ball-bearings/6816n-dgbb-sr-n.html
https://www.oss.nsk.com/products/bearings/ball-bearings/deep-groove-ball-bearings/single-row-deep-groove-ball-bearings/6816nr-dgbb-sr-nr.html,https://www.oss.nsk.com/products/bearings/ball-bearings/deep-groove-ball-bearings/single-row-deep-groove-ball-bearings/6816nr-dgbb-sr-nr.html
https://www.oss.nsk.com/products/bearings/ball-bearings/deep-groove-ball-bearings/single-row-deep-groove-ball-bearings/6816vv-dgbb-sr.html,https://www.oss.nsk.com/products/bearings/ball-bearings/deep-groove-ball-bearings/single-row-deep-groove-ball-bearings/6816vv-dgbb-sr.html
https://www.oss.nsk.com/products/bearings/ball-bearings/deep-groove-ball-bearings/single-row-deep-groove-ball-bearings/6816zz-dgbb-sr.html,https://www.oss.nsk.com/products/bearings/ball-bearings/deep-groove-ball-bearings/single-row-deep-groove-ball-bearings/6816zz-dgbb-sr.html
https://www.oss.nsk.com/products/bearings/ball-bearings/deep-groove-ball-bearings/single-row-deep-groove-ball-bearings/6916-dgbb-sr.html,https://www.oss.nsk.com/products/bearings/ball-bearings/deep-groove-ball-bearings/single-row-deep-groove-ball-bearings/6916-dgbb-sr.html
https://www.oss.nsk.com/products/bearings/ball-bearings/deep-groove-ball-bearings/single-row-deep-groove-ball-bearings/6916ddu-dgbb-sr.html,https://www.oss.nsk.com/products/bearings/ball-bearings/deep-groove-ball-bearings/single-row-deep-groove-ball-bearings/6916ddu-dgbb-sr.html
https://www.oss.nsk.com/products/bearings/ball-bearings/deep-groove-ball-bearings/single-row-deep-groove-ball-bearings/6916n-dgbb-sr-n.html,https://www.oss.nsk.com/products/bearings/ball-bearings/deep-groove-ball-bearings/single-row-deep-groove-ball-bearings/6916n-dgbb-sr-n.html
https://www.oss.nsk.com/products/bearings/ball-bearings/deep-groove-ball-bearings/single-row-deep-groove-ball-bearings/6916nr-dgbb-sr-nr.html,https://www.oss.nsk.com/products/bearings/ball-bearings/deep-groove-ball-bearings/single-row-deep-groove-ball-bearings/6916nr-dgbb-sr-nr.html
https://www.oss.nsk.com/products/bearings/ball-bearings/deep-groove-ball-bearings/single-row-deep-groove-ball-bearings/6916vv-dgbb-sr.html,https://www.oss.nsk.com/products/bearings/ball-bearings/deep-groove-ball-bearings/single-row-deep-groove-ball-bearings/6916vv-dgbb-sr.html
https://www.oss.nsk.com/products/bearings/ball-bearings/deep-groove-ball-bearings/single-row-deep-groove-ball-bearings/6916zz-dgbb-sr.html,https://www.oss.nsk.com/products/bearings/ball-bearings/deep-groove-ball-bearings/single-row-deep-groove-ball-bearings/6916zz-dgbb-sr.html
https://www.oss.nsk.com/products/bearings/ball-bearings/deep-groove-ball-bearings/single-row-deep-groove-ball-bearings/16016-dgbb-sr.html,https://www.oss.nsk.com/products/bearings/ball-bearings/deep-groove-ball-bearings/single-row-deep-groove-ball-bearings/16016-dgbb-sr.html
https://www.oss.nsk.com/products/bearings/ball-bearings/deep-groove-ball-bearings/single-row-deep-groove-ball-bearings/6016-dgbb-sr.html,https://www.oss.nsk.com/products/bearings/ball-bearings/deep-groove-ball-bearings/single-row-deep-groove-ball-bearings/6016-dgbb-sr.html
https://www.oss.nsk.com/products/bearings/ball-bearings/deep-groove-ball-bearings/single-row-deep-groove-ball-bearings/6016ddu-dgbb-sr.html,https://www.oss.nsk.com/products/bearings/ball-bearings/deep-groove-ball-bearings/single-row-deep-groove-ball-bearings/6016ddu-dgbb-sr.html
https://www.oss.nsk.com/products/bearings/ball-bearings/deep-groove-ball-bearings/single-row-deep-groove-ball-bearings/6016n-dgbb-sr-n.html,https://www.oss.nsk.com/products/bearings/ball-bearings/deep-groove-ball-bearings/single-row-deep-groove-ball-bearings/6016n-dgbb-sr-n.html
https://www.oss.nsk.com/products/bearings/ball-bearings/deep-groove-ball-bearings/single-row-deep-groove-ball-bearings/6016nr-dgbb-sr-nr.html,https://www.oss.nsk.com/products/bearings/ball-bearings/deep-groove-ball-bearings/single-row-deep-groove-ball-bearings/6016nr-dgbb-sr-nr.html
https://www.oss.nsk.com/products/bearings/ball-bearings/deep-groove-ball-bearings/single-row-deep-groove-ball-bearings/6016vv-dgbb-sr.html,https://www.oss.nsk.com/products/bearings/ball-bearings/deep-groove-ball-bearings/single-row-deep-groove-ball-bearings/6016vv-dgbb-sr.html
https://www.oss.nsk.com/products/bearings/ball-bearings/deep-groove-ball-bearings/single-row-deep-groove-ball-bearings/6016zz-dgbb-sr.html,https://www.oss.nsk.com/products/bearings/ball-bearings/deep-groove-ball-bearings/single-row-deep-groove-ball-bearings/6016zz-dgbb-sr.html
https://www.oss.nsk.com/products/bearings/ball-bearings/deep-groove-ball-bearings/single-row-deep-groove-ball-bearings/6216-dgbb-sr.html,https://www.oss.nsk.com/products/bearings/ball-bearings/deep-groove-ball-bearings/single-row-deep-groove-ball-bearings/6216-dgbb-sr.html
https://www.oss.nsk.com/products/bearings/ball-bearings/deep-groove-ball-bearings/single-row-deep-groove-ball-bearings/6216ddu-dgbb-sr.html,https://www.oss.nsk.com/products/bearings/ball-bearings/deep-groove-ball-bearings/single-row-deep-groove-ball-bearings/6216ddu-dgbb-sr.html
https://www.oss.nsk.com/products/bearings/ball-bearings/deep-groove-ball-bearings/single-row-deep-groove-ball-bearings/6216n-dgbb-sr-n.html,https://www.oss.nsk.com/products/bearings/ball-bearings/deep-groove-ball-bearings/single-row-deep-groove-ball-bearings/6216n-dgbb-sr-n.html
https://www.oss.nsk.com/products/bearings/ball-bearings/deep-groove-ball-bearings/single-row-deep-groove-ball-bearings/6216nr-dgbb-sr-nr.html,https://www.oss.nsk.com/products/bearings/ball-bearings/deep-groove-ball-bearings/single-row-deep-groove-ball-bearings/6216nr-dgbb-sr-nr.html
https://www.oss.nsk.com/products/bearings/ball-bearings/deep-groove-ball-bearings/single-row-deep-groove-ball-bearings/6216vv-dgbb-sr.html,https://www.oss.nsk.com/products/bearings/ball-bearings/deep-groove-ball-bearings/single-row-deep-groove-ball-bearings/6216vv-dgbb-sr.html
https://www.oss.nsk.com/products/bearings/ball-bearings/deep-groove-ball-bearings/single-row-deep-groove-ball-bearings/6216zz-dgbb-sr.html,https://www.oss.nsk.com/products/bearings/ball-bearings/deep-groove-ball-bearings/single-row-deep-groove-ball-bearings/6216zz-dgbb-sr.html
https://www.oss.nsk.com/products/bearings/ball-bearings/deep-groove-ball-bearings/single-row-deep-groove-ball-bearings/6316-dgbb-sr.html,https://www.oss.nsk.com/products/bearings/ball-bearings/deep-groove-ball-bearings/single-row-deep-groove-ball-bearings/6316-dgbb-sr.html
https://www.oss.nsk.com/products/bearings/ball-bearings/deep-groove-ball-bearings/single-row-deep-groove-ball-bearings/6316ddu-dgbb-sr.html,https://www.oss.nsk.com/products/bearings/ball-bearings/deep-groove-ball-bearings/single-row-deep-groove-ball-bearings/6316ddu-dgbb-sr.html
https://www.oss.nsk.com/products/bearings/ball-bearings/deep-groove-ball-bearings/single-row-deep-groove-ball-bearings/6316n-dgbb-sr-n.html,https://www.oss.nsk.com/products/bearings/ball-bearings/deep-groove-ball-bearings/single-row-deep-groove-ball-bearings/6316n-dgbb-sr-n.html
https://www.oss.nsk.com/products/bearings/ball-bearings/deep-groove-ball-bearings/single-row-deep-groove-ball-bearings/6316nr-dgbb-sr-nr.html,https://www.oss.nsk.com/products/bearings/ball-bearings/deep-groove-ball-bearings/single-row-deep-groove-ball-bearings/6316nr-dgbb-sr-nr.html
https://www.oss.nsk.com/products/bearings/ball-bearings/deep-groove-ball-bearings/single-row-deep-groove-ball-bearings/6316vv-dgbb-sr.html,https://www.oss.nsk.com/products/bearings/ball-bearings/deep-groove-ball-bearings/single-row-deep-groove-ball-bearings/6316vv-dgbb-sr.html
https://www.oss.nsk.com/products/bearings/ball-bearings/deep-groove-ball-bearings/single-row-deep-groove-ball-bearings/6316zz-dgbb-sr.html,https://www.oss.nsk.com/products/bearings/ball-bearings/deep-groove-ball-bearings/single-row-deep-groove-ball-bearings/6316zz-dgbb-sr.html
https://www.oss.nsk.com/products/bearings/ball-bearings/deep-groove-ball-bearings/single-row-deep-groove-ball-bearings/6817-dgbb-sr.html,https://www.oss.nsk.com/products/bearings/ball-bearings/deep-groove-ball-bearings/single-row-deep-groove-ball-bearings/6817-dgbb-sr.html
https://www.oss.nsk.com/products/bearings/ball-bearings/deep-groove-ball-bearings/single-row-deep-groove-ball-bearings/6817ddu-dgbb-sr.html,https://www.oss.nsk.com/products/bearings/ball-bearings/deep-groove-ball-bearings/single-row-deep-groove-ball-bearings/6817ddu-dgbb-sr.html
https://www.oss.nsk.com/products/bearings/ball-bearings/deep-groove-ball-bearings/single-row-deep-groove-ball-bearings/6817n-dgbb-sr-n.html,https://www.oss.nsk.com/products/bearings/ball-bearings/deep-groove-ball-bearings/single-row-deep-groove-ball-bearings/6817n-dgbb-sr-n.html
https://www.oss.nsk.com/products/bearings/ball-bearings/deep-groove-ball-bearings/single-row-deep-groove-ball-bearings/6817nr-dgbb-sr-nr.html,https://www.oss.nsk.com/products/bearings/ball-bearings/deep-groove-ball-bearings/single-row-deep-groove-ball-bearings/6817nr-dgbb-sr-nr.html
https://www.oss.nsk.com/products/bearings/ball-bearings/deep-groove-ball-bearings/single-row-deep-groove-ball-bearings/6817vv-dgbb-sr.html,https://www.oss.nsk.com/products/bearings/ball-bearings/deep-groove-ball-bearings/single-row-deep-groove-ball-bearings/6817vv-dgbb-sr.html
https://www.oss.nsk.com/products/bearings/ball-bearings/deep-groove-ball-bearings/single-row-deep-groove-ball-bearings/6817zz-dgbb-sr.html,https://www.oss.nsk.com/products/bearings/ball-bearings/deep-groove-ball-bearings/single-row-deep-groove-ball-bearings/6817zz-dgbb-sr.html
https://www.oss.nsk.com/products/bearings/ball-bearings/deep-groove-ball-bearings/single-row-deep-groove-ball-bearings/6917-dgbb-sr.html,https://www.oss.nsk.com/products/bearings/ball-bearings/deep-groove-ball-bearings/single-row-deep-groove-ball-bearings/6917-dgbb-sr.html
https://www.oss.nsk.com/products/bearings/ball-bearings/deep-groove-ball-bearings/single-row-deep-groove-ball-bearings/6917ddu-dgbb-sr.html,https://www.oss.nsk.com/products/bearings/ball-bearings/deep-groove-ball-bearings/single-row-deep-groove-ball-bearings/6917ddu-dgbb-sr.html
https://www.oss.nsk.com/products/bearings/ball-bearings/deep-groove-ball-bearings/single-row-deep-groove-ball-bearings/6917n-dgbb-sr-n.html,https://www.oss.nsk.com/products/bearings/ball-bearings/deep-groove-ball-bearings/single-row-deep-groove-ball-bearings/6917n-dgbb-sr-n.html
https://www.oss.nsk.com/products/bearings/ball-bearings/deep-groove-ball-bearings/single-row-deep-groove-ball-bearings/6917nr-dgbb-sr-nr.html,https://www.oss.nsk.com/products/bearings/ball-bearings/deep-groove-ball-bearings/single-row-deep-groove-ball-bearings/6917nr-dgbb-sr-nr.html
https://www.oss.nsk.com/products/bearings/ball-bearings/deep-groove-ball-bearings/single-row-deep-groove-ball-bearings/6917vv-dgbb-sr.html,https://www.oss.nsk.com/products/bearings/ball-bearings/deep-groove-ball-bearings/single-row-deep-groove-ball-bearings/6917vv-dgbb-sr.html
https://www.oss.nsk.com/products/bearings/ball-bearings/deep-groove-ball-bearings/single-row-deep-groove-ball-bearings/6917zz-dgbb-sr.html,https://www.oss.nsk.com/products/bearings/ball-bearings/deep-groove-ball-bearings/single-row-deep-groove-ball-bearings/6917zz-dgbb-sr.html
https://www.oss.nsk.com/products/bearings/ball-bearings/deep-groove-ball-bearings/single-row-deep-groove-ball-bearings/16017-dgbb-sr.html,https://www.oss.nsk.com/products/bearings/ball-bearings/deep-groove-ball-bearings/single-row-deep-groove-ball-bearings/16017-dgbb-sr.html
https://www.oss.nsk.com/products/bearings/ball-bearings/deep-groove-ball-bearings/single-row-deep-groove-ball-bearings/6017-dgbb-sr.html,https://www.oss.nsk.com/products/bearings/ball-bearings/deep-groove-ball-bearings/single-row-deep-groove-ball-bearings/6017-dgbb-sr.html
https://www.oss.nsk.com/products/bearings/ball-bearings/deep-groove-ball-bearings/single-row-deep-groove-ball-bearings/6017ddu-dgbb-sr.html,https://www.oss.nsk.com/products/bearings/ball-bearings/deep-groove-ball-bearings/single-row-deep-groove-ball-bearings/6017ddu-dgbb-sr.html
https://www.oss.nsk.com/products/bearings/ball-bearings/deep-groove-ball-bearings/single-row-deep-groove-ball-bearings/6017n-dgbb-sr-n.html,https://www.oss.nsk.com/products/bearings/ball-bearings/deep-groove-ball-bearings/single-row-deep-groove-ball-bearings/6017n-dgbb-sr-n.html
https://www.oss.nsk.com/products/bearings/ball-bearings/deep-groove-ball-bearings/single-row-deep-groove-ball-bearings/6017nr-dgbb-sr-nr.html,https://www.oss.nsk.com/products/bearings/ball-bearings/deep-groove-ball-bearings/single-row-deep-groove-ball-bearings/6017nr-dgbb-sr-nr.html
https://www.oss.nsk.com/products/bearings/ball-bearings/deep-groove-ball-bearings/single-row-deep-groove-ball-bearings/6017vv-dgbb-sr.html,https://www.oss.nsk.com/products/bearings/ball-bearings/deep-groove-ball-bearings/single-row-deep-groove-ball-bearings/6017vv-dgbb-sr.html
https://www.oss.nsk.com/products/bearings/ball-bearings/deep-groove-ball-bearings/single-row-deep-groove-ball-bearings/6017zz-dgbb-sr.html,https://www.oss.nsk.com/products/bearings/ball-bearings/deep-groove-ball-bearings/single-row-deep-groove-ball-bearings/6017zz-dgbb-sr.html
https://www.oss.nsk.com/products/bearings/ball-bearings/deep-groove-ball-bearings/single-row-deep-groove-ball-bearings/6217-dgbb-sr.html,https://www.oss.nsk.com/products/bearings/ball-bearings/deep-groove-ball-bearings/single-row-deep-groove-ball-bearings/6217-dgbb-sr.html
https://www.oss.nsk.com/products/bearings/ball-bearings/deep-groove-ball-bearings/single-row-deep-groove-ball-bearings/6217ddu-dgbb-sr.html,https://www.oss.nsk.com/products/bearings/ball-bearings/deep-groove-ball-bearings/single-row-deep-groove-ball-bearings/6217ddu-dgbb-sr.html
https://www.oss.nsk.com/products/bearings/ball-bearings/deep-groove-ball-bearings/single-row-deep-groove-ball-bearings/6217n-dgbb-sr-n.html,https://www.oss.nsk.com/products/bearings/ball-bearings/deep-groove-ball-bearings/single-row-deep-groove-ball-bearings/6217n-dgbb-sr-n.html
https://www.oss.nsk.com/products/bearings/ball-bearings/deep-groove-ball-bearings/single-row-deep-groove-ball-bearings/6217nr-dgbb-sr-nr.html,https://www.oss.nsk.com/products/bearings/ball-bearings/deep-groove-ball-bearings/single-row-deep-groove-ball-bearings/6217nr-dgbb-sr-nr.html
https://www.oss.nsk.com/products/bearings/ball-bearings/deep-groove-ball-bearings/single-row-deep-groove-ball-bearings/6217vv-dgbb-sr.html,https://www.oss.nsk.com/products/bearings/ball-bearings/deep-groove-ball-bearings/single-row-deep-groove-ball-bearings/6217vv-dgbb-sr.html
https://www.oss.nsk.com/products/bearings/ball-bearings/deep-groove-ball-bearings/single-row-deep-groove-ball-bearings/6217zz-dgbb-sr.html,https://www.oss.nsk.com/products/bearings/ball-bearings/deep-groove-ball-bearings/single-row-deep-groove-ball-bearings/6217zz-dgbb-sr.html
https://www.oss.nsk.com/products/bearings/ball-bearings/deep-groove-ball-bearings/single-row-deep-groove-ball-bearings/6317-dgbb-sr.html,https://www.oss.nsk.com/products/bearings/ball-bearings/deep-groove-ball-bearings/single-row-deep-groove-ball-bearings/6317-dgbb-sr.html
https://www.oss.nsk.com/products/bearings/ball-bearings/deep-groove-ball-bearings/single-row-deep-groove-ball-bearings/6317ddu-dgbb-sr.html,https://www.oss.nsk.com/products/bearings/ball-bearings/deep-groove-ball-bearings/single-row-deep-groove-ball-bearings/6317ddu-dgbb-sr.html
https://www.oss.nsk.com/products/bearings/ball-bearings/deep-groove-ball-bearings/single-row-deep-groove-ball-bearings/6317n-dgbb-sr-n.html,https://www.oss.nsk.com/products/bearings/ball-bearings/deep-groove-ball-bearings/single-row-deep-groove-ball-bearings/6317n-dgbb-sr-n.html
https://www.oss.nsk.com/products/bearings/ball-bearings/deep-groove-ball-bearings/single-row-deep-groove-ball-bearings/6317nr-dgbb-sr-nr.html,https://www.oss.nsk.com/products/bearings/ball-bearings/deep-groove-ball-bearings/single-row-deep-groove-ball-bearings/6317nr-dgbb-sr-nr.html
https://www.oss.nsk.com/products/bearings/ball-bearings/deep-groove-ball-bearings/single-row-deep-groove-ball-bearings/6317vv-dgbb-sr.html,https://www.oss.nsk.com/products/bearings/ball-bearings/deep-groove-ball-bearings/single-row-deep-groove-ball-bearings/6317vv-dgbb-sr.html
https://www.oss.nsk.com/products/bearings/ball-bearings/deep-groove-ball-bearings/single-row-deep-groove-ball-bearings/6317zz-dgbb-sr.html,https://www.oss.nsk.com/products/bearings/ball-bearings/deep-groove-ball-bearings/single-row-deep-groove-ball-bearings/6317zz-dgbb-sr.html
https://www.oss.nsk.com/products/bearings/ball-bearings/deep-groove-ball-bearings/single-row-deep-groove-ball-bearings/6818-dgbb-sr.html,https://www.oss.nsk.com/products/bearings/ball-bearings/deep-groove-ball-bearings/single-row-deep-groove-ball-bearings/6818-dgbb-sr.html
https://www.oss.nsk.com/products/bearings/ball-bearings/deep-groove-ball-bearings/single-row-deep-groove-ball-bearings/6818ddu-dgbb-sr.html,https://www.oss.nsk.com/products/bearings/ball-bearings/deep-groove-ball-bearings/single-row-deep-groove-ball-bearings/6818ddu-dgbb-sr.html
https://www.oss.nsk.com/products/bearings/ball-bearings/deep-groove-ball-bearings/single-row-deep-groove-ball-bearings/6818n-dgbb-sr-n.html,https://www.oss.nsk.com/products/bearings/ball-bearings/deep-groove-ball-bearings/single-row-deep-groove-ball-bearings/6818n-dgbb-sr-n.html
https://www.oss.nsk.com/products/bearings/ball-bearings/deep-groove-ball-bearings/single-row-deep-groove-ball-bearings/6818nr-dgbb-sr-nr.html,https://www.oss.nsk.com/products/bearings/ball-bearings/deep-groove-ball-bearings/single-row-deep-groove-ball-bearings/6818nr-dgbb-sr-nr.html
https://www.oss.nsk.com/products/bearings/ball-bearings/deep-groove-ball-bearings/single-row-deep-groove-ball-bearings/6818vv-dgbb-sr.html,https://www.oss.nsk.com/products/bearings/ball-bearings/deep-groove-ball-bearings/single-row-deep-groove-ball-bearings/6818vv-dgbb-sr.html
https://www.oss.nsk.com/products/bearings/ball-bearings/deep-groove-ball-bearings/single-row-deep-groove-ball-bearings/6818zz-dgbb-sr.html,https://www.oss.nsk.com/products/bearings/ball-bearings/deep-groove-ball-bearings/single-row-deep-groove-ball-bearings/6818zz-dgbb-sr.html
https://www.oss.nsk.com/products/bearings/ball-bearings/deep-groove-ball-bearings/single-row-deep-groove-ball-bearings/6918-dgbb-sr.html,https://www.oss.nsk.com/products/bearings/ball-bearings/deep-groove-ball-bearings/single-row-deep-groove-ball-bearings/6918-dgbb-sr.html
https://www.oss.nsk.com/products/bearings/ball-bearings/deep-groove-ball-bearings/single-row-deep-groove-ball-bearings/6918ddu-dgbb-sr.html,https://www.oss.nsk.com/products/bearings/ball-bearings/deep-groove-ball-bearings/single-row-deep-groove-ball-bearings/6918ddu-dgbb-sr.html
https://www.oss.nsk.com/products/bearings/ball-bearings/deep-groove-ball-bearings/single-row-deep-groove-ball-bearings/6918n-dgbb-sr-n.html,https://www.oss.nsk.com/products/bearings/ball-bearings/deep-groove-ball-bearings/single-row-deep-groove-ball-bearings/6918n-dgbb-sr-n.html
https://www.oss.nsk.com/products/bearings/ball-bearings/deep-groove-ball-bearings/single-row-deep-groove-ball-bearings/6918nr-dgbb-sr-nr.html,https://www.oss.nsk.com/products/bearings/ball-bearings/deep-groove-ball-bearings/single-row-deep-groove-ball-bearings/6918nr-dgbb-sr-nr.html
https://www.oss.nsk.com/products/bearings/ball-bearings/deep-groove-ball-bearings/single-row-deep-groove-ball-bearings/6918vv-dgbb-sr.html,https://www.oss.nsk.com/products/bearings/ball-bearings/deep-groove-ball-bearings/single-row-deep-groove-ball-bearings/6918vv-dgbb-sr.html
https://www.oss.nsk.com/products/bearings/ball-bearings/deep-groove-ball-bearings/single-row-deep-groove-ball-bearings/6918zz-dgbb-sr.html,https://www.oss.nsk.com/products/bearings/ball-bearings/deep-groove-ball-bearings/single-row-deep-groove-ball-bearings/6918zz-dgbb-sr.html
https://www.oss.nsk.com/products/bearings/ball-bearings/deep-groove-ball-bearings/single-row-deep-groove-ball-bearings/16018-dgbb-sr.html,https://www.oss.nsk.com/products/bearings/ball-bearings/deep-groove-ball-bearings/single-row-deep-groove-ball-bearings/16018-dgbb-sr.html
https://www.oss.nsk.com/products/bearings/ball-bearings/deep-groove-ball-bearings/single-row-deep-groove-ball-bearings/6018-dgbb-sr.html,https://www.oss.nsk.com/products/bearings/ball-bearings/deep-groove-ball-bearings/single-row-deep-groove-ball-bearings/6018-dgbb-sr.html
https://www.oss.nsk.com/products/bearings/ball-bearings/deep-groove-ball-bearings/single-row-deep-groove-ball-bearings/6018ddu-dgbb-sr.html,https://www.oss.nsk.com/products/bearings/ball-bearings/deep-groove-ball-bearings/single-row-deep-groove-ball-bearings/6018ddu-dgbb-sr.html
https://www.oss.nsk.com/products/bearings/ball-bearings/deep-groove-ball-bearings/single-row-deep-groove-ball-bearings/6018n-dgbb-sr-n.html,https://www.oss.nsk.com/products/bearings/ball-bearings/deep-groove-ball-bearings/single-row-deep-groove-ball-bearings/6018n-dgbb-sr-n.html
https://www.oss.nsk.com/products/bearings/ball-bearings/deep-groove-ball-bearings/single-row-deep-groove-ball-bearings/6018nr-dgbb-sr-nr.html,https://www.oss.nsk.com/products/bearings/ball-bearings/deep-groove-ball-bearings/single-row-deep-groove-ball-bearings/6018nr-dgbb-sr-nr.html
https://www.oss.nsk.com/products/bearings/ball-bearings/deep-groove-ball-bearings/single-row-deep-groove-ball-bearings/6018vv-dgbb-sr.html,https://www.oss.nsk.com/products/bearings/ball-bearings/deep-groove-ball-bearings/single-row-deep-groove-ball-bearings/6018vv-dgbb-sr.html
https://www.oss.nsk.com/products/bearings/ball-bearings/deep-groove-ball-bearings/single-row-deep-groove-ball-bearings/6018zz-dgbb-sr.html,https://www.oss.nsk.com/products/bearings/ball-bearings/deep-groove-ball-bearings/single-row-deep-groove-ball-bearings/6018zz-dgbb-sr.html
https://www.oss.nsk.com/products/bearings/ball-bearings/deep-groove-ball-bearings/single-row-deep-groove-ball-bearings/6218-dgbb-sr.html,https://www.oss.nsk.com/products/bearings/ball-bearings/deep-groove-ball-bearings/single-row-deep-groove-ball-bearings/6218-dgbb-sr.html
https://www.oss.nsk.com/products/bearings/ball-bearings/deep-groove-ball-bearings/single-row-deep-groove-ball-bearings/6218ddu-dgbb-sr.html,https://www.oss.nsk.com/products/bearings/ball-bearings/deep-groove-ball-bearings/single-row-deep-groove-ball-bearings/6218ddu-dgbb-sr.html
https://www.oss.nsk.com/products/bearings/ball-bearings/deep-groove-ball-bearings/single-row-deep-groove-ball-bearings/6218n-dgbb-sr-n.html,https://www.oss.nsk.com/products/bearings/ball-bearings/deep-groove-ball-bearings/single-row-deep-groove-ball-bearings/6218n-dgbb-sr-n.html
https://www.oss.nsk.com/products/bearings/ball-bearings/deep-groove-ball-bearings/single-row-deep-groove-ball-bearings/6218nr-dgbb-sr-nr.html,https://www.oss.nsk.com/products/bearings/ball-bearings/deep-groove-ball-bearings/single-row-deep-groove-ball-bearings/6218nr-dgbb-sr-nr.html
https://www.oss.nsk.com/products/bearings/ball-bearings/deep-groove-ball-bearings/single-row-deep-groove-ball-bearings/6218vv-dgbb-sr.html,https://www.oss.nsk.com/products/bearings/ball-bearings/deep-groove-ball-bearings/single-row-deep-groove-ball-bearings/6218vv-dgbb-sr.html
https://www.oss.nsk.com/products/bearings/ball-bearings/deep-groove-ball-bearings/single-row-deep-groove-ball-bearings/6218zz-dgbb-sr.html,https://www.oss.nsk.com/products/bearings/ball-bearings/deep-groove-ball-bearings/single-row-deep-groove-ball-bearings/6218zz-dgbb-sr.html
https://www.oss.nsk.com/products/bearings/ball-bearings/deep-groove-ball-bearings/single-row-deep-groove-ball-bearings/6318-dgbb-sr.html,https://www.oss.nsk.com/products/bearings/ball-bearings/deep-groove-ball-bearings/single-row-deep-groove-ball-bearings/6318-dgbb-sr.html
https://www.oss.nsk.com/products/bearings/ball-bearings/deep-groove-ball-bearings/single-row-deep-groove-ball-bearings/6318ddu-dgbb-sr.html,https://www.oss.nsk.com/products/bearings/ball-bearings/deep-groove-ball-bearings/single-row-deep-groove-ball-bearings/6318ddu-dgbb-sr.html
https://www.oss.nsk.com/products/bearings/ball-bearings/deep-groove-ball-bearings/single-row-deep-groove-ball-bearings/6318n-dgbb-sr-n.html,https://www.oss.nsk.com/products/bearings/ball-bearings/deep-groove-ball-bearings/single-row-deep-groove-ball-bearings/6318n-dgbb-sr-n.html
https://www.oss.nsk.com/products/bearings/ball-bearings/deep-groove-ball-bearings/single-row-deep-groove-ball-bearings/6318nr-dgbb-sr-nr.html,https://www.oss.nsk.com/products/bearings/ball-bearings/deep-groove-ball-bearings/single-row-deep-groove-ball-bearings/6318nr-dgbb-sr-nr.html
https://www.oss.nsk.com/products/bearings/ball-bearings/deep-groove-ball-bearings/single-row-deep-groove-ball-bearings/6318vv-dgbb-sr.html,https://www.oss.nsk.com/products/bearings/ball-bearings/deep-groove-ball-bearings/single-row-deep-groove-ball-bearings/6318vv-dgbb-sr.html
https://www.oss.nsk.com/products/bearings/ball-bearings/deep-groove-ball-bearings/single-row-deep-groove-ball-bearings/6318zz-dgbb-sr.html,https://www.oss.nsk.com/products/bearings/ball-bearings/deep-groove-ball-bearings/single-row-deep-groove-ball-bearings/6318zz-dgbb-sr.html
https://www.oss.nsk.com/products/bearings/ball-bearings/deep-groove-ball-bearings/single-row-deep-groove-ball-bearings/6819-dgbb-sr.html,https://www.oss.nsk.com/products/bearings/ball-bearings/deep-groove-ball-bearings/single-row-deep-groove-ball-bearings/6819-dgbb-sr.html
https://www.oss.nsk.com/products/bearings/ball-bearings/deep-groove-ball-bearings/single-row-deep-groove-ball-bearings/6819dd-dgbb-sr.html,https://www.oss.nsk.com/products/bearings/ball-bearings/deep-groove-ball-bearings/single-row-deep-groove-ball-bearings/6819dd-dgbb-sr.html
https://www.oss.nsk.com/products/bearings/ball-bearings/deep-groove-ball-bearings/single-row-deep-groove-ball-bearings/6819n-dgbb-sr-n.html,https://www.oss.nsk.com/products/bearings/ball-bearings/deep-groove-ball-bearings/single-row-deep-groove-ball-bearings/6819n-dgbb-sr-n.html
https://www.oss.nsk.com/products/bearings/ball-bearings/deep-groove-ball-bearings/single-row-deep-groove-ball-bearings/6819nr-dgbb-sr-nr.html,https://www.oss.nsk.com/products/bearings/ball-bearings/deep-groove-ball-bearings/single-row-deep-groove-ball-bearings/6819nr-dgbb-sr-nr.html
https://www.oss.nsk.com/products/bearings/ball-bearings/deep-groove-ball-bearings/single-row-deep-groove-ball-bearings/6819vv-dgbb-sr.html,https://www.oss.nsk.com/products/bearings/ball-bearings/deep-groove-ball-bearings/single-row-deep-groove-ball-bearings/6819vv-dgbb-sr.html
https://www.oss.nsk.com/products/bearings/ball-bearings/deep-groove-ball-bearings/single-row-deep-groove-ball-bearings/6819zz-dgbb-sr.html,https://www.oss.nsk.com/products/bearings/ball-bearings/deep-groove-ball-bearings/single-row-deep-groove-ball-bearings/6819zz-dgbb-sr.html
https://www.oss.nsk.com/products/bearings/ball-bearings/deep-groove-ball-bearings/single-row-deep-groove-ball-bearings/6919-dgbb-sr.html,https://www.oss.nsk.com/products/bearings/ball-bearings/deep-groove-ball-bearings/single-row-deep-groove-ball-bearings/6919-dgbb-sr.html
https://www.oss.nsk.com/products/bearings/ball-bearings/deep-groove-ball-bearings/single-row-deep-groove-ball-bearings/6919ddu-dgbb-sr.html,https://www.oss.nsk.com/products/bearings/ball-bearings/deep-groove-ball-bearings/single-row-deep-groove-ball-bearings/6919ddu-dgbb-sr.html
https://www.oss.nsk.com/products/bearings/ball-bearings/deep-groove-ball-bearings/single-row-deep-groove-ball-bearings/6919n-dgbb-sr-n.html,https://www.oss.nsk.com/products/bearings/ball-bearings/deep-groove-ball-bearings/single-row-deep-groove-ball-bearings/6919n-dgbb-sr-n.html
https://www.oss.nsk.com/products/bearings/ball-bearings/deep-groove-ball-bearings/single-row-deep-groove-ball-bearings/6919nr-dgbb-sr-nr.html,https://www.oss.nsk.com/products/bearings/ball-bearings/deep-groove-ball-bearings/single-row-deep-groove-ball-bearings/6919nr-dgbb-sr-nr.html
https://www.oss.nsk.com/products/bearings/ball-bearings/deep-groove-ball-bearings/single-row-deep-groove-ball-bearings/6919vv-dgbb-sr.html,https://www.oss.nsk.com/products/bearings/ball-bearings/deep-groove-ball-bearings/single-row-deep-groove-ball-bearings/6919vv-dgbb-sr.html
https://www.oss.nsk.com/products/bearings/ball-bearings/deep-groove-ball-bearings/single-row-deep-groove-ball-bearings/6919zz-dgbb-sr.html,https://www.oss.nsk.com/products/bearings/ball-bearings/deep-groove-ball-bearings/single-row-deep-groove-ball-bearings/6919zz-dgbb-sr.html
https://www.oss.nsk.com/products/bearings/ball-bearings/deep-groove-ball-bearings/single-row-deep-groove-ball-bearings/16019-dgbb-sr.html,https://www.oss.nsk.com/products/bearings/ball-bearings/deep-groove-ball-bearings/single-row-deep-groove-ball-bearings/16019-dgbb-sr.html
https://www.oss.nsk.com/products/bearings/ball-bearings/deep-groove-ball-bearings/single-row-deep-groove-ball-bearings/6019-dgbb-sr.html,https://www.oss.nsk.com/products/bearings/ball-bearings/deep-groove-ball-bearings/single-row-deep-groove-ball-bearings/6019-dgbb-sr.html
https://www.oss.nsk.com/products/bearings/ball-bearings/deep-groove-ball-bearings/single-row-deep-groove-ball-bearings/6019ddu-dgbb-sr.html,https://www.oss.nsk.com/products/bearings/ball-bearings/deep-groove-ball-bearings/single-row-deep-groove-ball-bearings/6019ddu-dgbb-sr.html
https://www.oss.nsk.com/products/bearings/ball-bearings/deep-groove-ball-bearings/single-row-deep-groove-ball-bearings/6019n-dgbb-sr-n.html,https://www.oss.nsk.com/products/bearings/ball-bearings/deep-groove-ball-bearings/single-row-deep-groove-ball-bearings/6019n-dgbb-sr-n.html
https://www.oss.nsk.com/products/bearings/ball-bearings/deep-groove-ball-bearings/single-row-deep-groove-ball-bearings/6019nr-dgbb-sr-nr.html,https://www.oss.nsk.com/products/bearings/ball-bearings/deep-groove-ball-bearings/single-row-deep-groove-ball-bearings/6019nr-dgbb-sr-nr.html
https://www.oss.nsk.com/products/bearings/ball-bearings/deep-groove-ball-bearings/single-row-deep-groove-ball-bearings/6019vv-dgbb-sr.html,https://www.oss.nsk.com/products/bearings/ball-bearings/deep-groove-ball-bearings/single-row-deep-groove-ball-bearings/6019vv-dgbb-sr.html
https://www.oss.nsk.com/products/bearings/ball-bearings/deep-groove-ball-bearings/single-row-deep-groove-ball-bearings/6019zz-dgbb-sr.html,https://www.oss.nsk.com/products/bearings/ball-bearings/deep-groove-ball-bearings/single-row-deep-groove-ball-bearings/6019zz-dgbb-sr.html
https://www.oss.nsk.com/products/bearings/ball-bearings/deep-groove-ball-bearings/single-row-deep-groove-ball-bearings/6219-dgbb-sr.html,https://www.oss.nsk.com/products/bearings/ball-bearings/deep-groove-ball-bearings/single-row-deep-groove-ball-bearings/6219-dgbb-sr.html
https://www.oss.nsk.com/products/bearings/ball-bearings/deep-groove-ball-bearings/single-row-deep-groove-ball-bearings/6219ddu-dgbb-sr.html,https://www.oss.nsk.com/products/bearings/ball-bearings/deep-groove-ball-bearings/single-row-deep-groove-ball-bearings/6219ddu-dgbb-sr.html
https://www.oss.nsk.com/products/bearings/ball-bearings/deep-groove-ball-bearings/single-row-deep-groove-ball-bearings/6219n-dgbb-sr-n.html,https://www.oss.nsk.com/products/bearings/ball-bearings/deep-groove-ball-bearings/single-row-deep-groove-ball-bearings/6219n-dgbb-sr-n.html
https://www.oss.nsk.com/products/bearings/ball-bearings/deep-groove-ball-bearings/single-row-deep-groove-ball-bearings/6219nr-dgbb-sr-nr.html,https://www.oss.nsk.com/products/bearings/ball-bearings/deep-groove-ball-bearings/single-row-deep-groove-ball-bearings/6219nr-dgbb-sr-nr.html
https://www.oss.nsk.com/products/bearings/ball-bearings/deep-groove-ball-bearings/single-row-deep-groove-ball-bearings/6219vv-dgbb-sr.html,https://www.oss.nsk.com/products/bearings/ball-bearings/deep-groove-ball-bearings/single-row-deep-groove-ball-bearings/6219vv-dgbb-sr.html
https://www.oss.nsk.com/products/bearings/ball-bearings/deep-groove-ball-bearings/single-row-deep-groove-ball-bearings/6219zz-dgbb-sr.html,https://www.oss.nsk.com/products/bearings/ball-bearings/deep-groove-ball-bearings/single-row-deep-groove-ball-bearings/6219zz-dgbb-sr.html
https://www.oss.nsk.com/products/bearings/ball-bearings/deep-groove-ball-bearings/single-row-deep-groove-ball-bearings/6319-dgbb-sr.html,https://www.oss.nsk.com/products/bearings/ball-bearings/deep-groove-ball-bearings/single-row-deep-groove-ball-bearings/6319-dgbb-sr.html
https://www.oss.nsk.com/products/bearings/ball-bearings/deep-groove-ball-bearings/single-row-deep-groove-ball-bearings/6319ddu-dgbb-sr.html,https://www.oss.nsk.com/products/bearings/ball-bearings/deep-groove-ball-bearings/single-row-deep-groove-ball-bearings/6319ddu-dgbb-sr.html
https://www.oss.nsk.com/products/bearings/ball-bearings/deep-groove-ball-bearings/single-row-deep-groove-ball-bearings/6319n-dgbb-sr-n.html,https://www.oss.nsk.com/products/bearings/ball-bearings/deep-groove-ball-bearings/single-row-deep-groove-ball-bearings/6319n-dgbb-sr-n.html
https://www.oss.nsk.com/products/bearings/ball-bearings/deep-groove-ball-bearings/single-row-deep-groove-ball-bearings/6319nr-dgbb-sr-nr.html,https://www.oss.nsk.com/products/bearings/ball-bearings/deep-groove-ball-bearings/single-row-deep-groove-ball-bearings/6319nr-dgbb-sr-nr.html
https://www.oss.nsk.com/products/bearings/ball-bearings/deep-groove-ball-bearings/single-row-deep-groove-ball-bearings/6319vv-dgbb-sr.html,https://www.oss.nsk.com/products/bearings/ball-bearings/deep-groove-ball-bearings/single-row-deep-groove-ball-bearings/6319vv-dgbb-sr.html
https://www.oss.nsk.com/products/bearings/ball-bearings/deep-groove-ball-bearings/single-row-deep-groove-ball-bearings/6319zz-dgbb-sr.html,https://www.oss.nsk.com/products/bearings/ball-bearings/deep-groove-ball-bearings/single-row-deep-groove-ball-bearings/6319zz-dgbb-sr.html
https://www.oss.nsk.com/products/bearings/ball-bearings/deep-groove-ball-bearings/single-row-deep-groove-ball-bearings/6820-dgbb-sr.html,https://www.oss.nsk.com/products/bearings/ball-bearings/deep-groove-ball-bearings/single-row-deep-groove-ball-bearings/6820-dgbb-sr.html
https://www.oss.nsk.com/products/bearings/ball-bearings/deep-groove-ball-bearings/single-row-deep-groove-ball-bearings/6820dd-dgbb-sr.html,https://www.oss.nsk.com/products/bearings/ball-bearings/deep-groove-ball-bearings/single-row-deep-groove-ball-bearings/6820dd-dgbb-sr.html
https://www.oss.nsk.com/products/bearings/ball-bearings/deep-groove-ball-bearings/single-row-deep-groove-ball-bearings/6820n-dgbb-sr-n.html,https://www.oss.nsk.com/products/bearings/ball-bearings/deep-groove-ball-bearings/single-row-deep-groove-ball-bearings/6820n-dgbb-sr-n.html
https://www.oss.nsk.com/products/bearings/ball-bearings/deep-groove-ball-bearings/single-row-deep-groove-ball-bearings/6820nr-dgbb-sr-nr.html,https://www.oss.nsk.com/products/bearings/ball-bearings/deep-groove-ball-bearings/single-row-deep-groove-ball-bearings/6820nr-dgbb-sr-nr.html
https://www.oss.nsk.com/products/bearings/ball-bearings/deep-groove-ball-bearings/single-row-deep-groove-ball-bearings/6820vv-dgbb-sr.html,https://www.oss.nsk.com/products/bearings/ball-bearings/deep-groove-ball-bearings/single-row-deep-groove-ball-bearings/6820vv-dgbb-sr.html
https://www.oss.nsk.com/products/bearings/ball-bearings/deep-groove-ball-bearings/single-row-deep-groove-ball-bearings/6820zz-dgbb-sr.html,https://www.oss.nsk.com/products/bearings/ball-bearings/deep-groove-ball-bearings/single-row-deep-groove-ball-bearings/6820zz-dgbb-sr.html
https://www.oss.nsk.com/products/bearings/ball-bearings/deep-groove-ball-bearings/single-row-deep-groove-ball-bearings/6920-dgbb-sr.html,https://www.oss.nsk.com/products/bearings/ball-bearings/deep-groove-ball-bearings/single-row-deep-groove-ball-bearings/6920-dgbb-sr.html
https://www.oss.nsk.com/products/bearings/ball-bearings/deep-groove-ball-bearings/single-row-deep-groove-ball-bearings/6920ddu-dgbb-sr.html,https://www.oss.nsk.com/products/bearings/ball-bearings/deep-groove-ball-bearings/single-row-deep-groove-ball-bearings/6920ddu-dgbb-sr.html
https://www.oss.nsk.com/products/bearings/ball-bearings/deep-groove-ball-bearings/single-row-deep-groove-ball-bearings/6920n-dgbb-sr-n.html,https://www.oss.nsk.com/products/bearings/ball-bearings/deep-groove-ball-bearings/single-row-deep-groove-ball-bearings/6920n-dgbb-sr-n.html
https://www.oss.nsk.com/products/bearings/ball-bearings/deep-groove-ball-bearings/single-row-deep-groove-ball-bearings/6920nr-dgbb-sr-nr.html,https://www.oss.nsk.com/products/bearings/ball-bearings/deep-groove-ball-bearings/single-row-deep-groove-ball-bearings/6920nr-dgbb-sr-nr.html
https://www.oss.nsk.com/products/bearings/ball-bearings/deep-groove-ball-bearings/single-row-deep-groove-ball-bearings/6920vv-dgbb-sr.html,https://www.oss.nsk.com/products/bearings/ball-bearings/deep-groove-ball-bearings/single-row-deep-groove-ball-bearings/6920vv-dgbb-sr.html
https://www.oss.nsk.com/products/bearings/ball-bearings/deep-groove-ball-bearings/single-row-deep-groove-ball-bearings/6920zz-dgbb-sr.html,https://www.oss.nsk.com/products/bearings/ball-bearings/deep-groove-ball-bearings/single-row-deep-groove-ball-bearings/6920zz-dgbb-sr.html
https://www.oss.nsk.com/products/bearings/ball-bearings/deep-groove-ball-bearings/single-row-deep-groove-ball-bearings/16020-dgbb-sr.html,https://www.oss.nsk.com/products/bearings/ball-bearings/deep-groove-ball-bearings/single-row-deep-groove-ball-bearings/16020-dgbb-sr.html
https://www.oss.nsk.com/products/bearings/ball-bearings/deep-groove-ball-bearings/single-row-deep-groove-ball-bearings/6020-dgbb-sr.html,https://www.oss.nsk.com/products/bearings/ball-bearings/deep-groove-ball-bearings/single-row-deep-groove-ball-bearings/6020-dgbb-sr.html
https://www.oss.nsk.com/products/bearings/ball-bearings/deep-groove-ball-bearings/single-row-deep-groove-ball-bearings/6020ddu-dgbb-sr.html,https://www.oss.nsk.com/products/bearings/ball-bearings/deep-groove-ball-bearings/single-row-deep-groove-ball-bearings/6020ddu-dgbb-sr.html
https://www.oss.nsk.com/products/bearings/ball-bearings/deep-groove-ball-bearings/single-row-deep-groove-ball-bearings/6020n-dgbb-sr-n.html,https://www.oss.nsk.com/products/bearings/ball-bearings/deep-groove-ball-bearings/single-row-deep-groove-ball-bearings/6020n-dgbb-sr-n.html
https://www.oss.nsk.com/products/bearings/ball-bearings/deep-groove-ball-bearings/single-row-deep-groove-ball-bearings/6020nr-dgbb-sr-nr.html,https://www.oss.nsk.com/products/bearings/ball-bearings/deep-groove-ball-bearings/single-row-deep-groove-ball-bearings/6020nr-dgbb-sr-nr.html
https://www.oss.nsk.com/products/bearings/ball-bearings/deep-groove-ball-bearings/single-row-deep-groove-ball-bearings/6020vv-dgbb-sr.html,https://www.oss.nsk.com/products/bearings/ball-bearings/deep-groove-ball-bearings/single-row-deep-groove-ball-bearings/6020vv-dgbb-sr.html
https://www.oss.nsk.com/products/bearings/ball-bearings/deep-groove-ball-bearings/single-row-deep-groove-ball-bearings/6020zz-dgbb-sr.html,https://www.oss.nsk.com/products/bearings/ball-bearings/deep-groove-ball-bearings/single-row-deep-groove-ball-bearings/6020zz-dgbb-sr.html
https://www.oss.nsk.com/products/bearings/ball-bearings/deep-groove-ball-bearings/single-row-deep-groove-ball-bearings/6220-dgbb-sr.html,https://www.oss.nsk.com/products/bearings/ball-bearings/deep-groove-ball-bearings/single-row-deep-groove-ball-bearings/6220-dgbb-sr.html
https://www.oss.nsk.com/products/bearings/ball-bearings/deep-groove-ball-bearings/single-row-deep-groove-ball-bearings/6220ddu-dgbb-sr.html,https://www.oss.nsk.com/products/bearings/ball-bearings/deep-groove-ball-bearings/single-row-deep-groove-ball-bearings/6220ddu-dgbb-sr.html
https://www.oss.nsk.com/products/bearings/ball-bearings/deep-groove-ball-bearings/single-row-deep-groove-ball-bearings/6220n-dgbb-sr-n.html,https://www.oss.nsk.com/products/bearings/ball-bearings/deep-groove-ball-bearings/single-row-deep-groove-ball-bearings/6220n-dgbb-sr-n.html
https://www.oss.nsk.com/products/bearings/ball-bearings/deep-groove-ball-bearings/single-row-deep-groove-ball-bearings/6220nr-dgbb-sr-nr.html,https://www.oss.nsk.com/products/bearings/ball-bearings/deep-groove-ball-bearings/single-row-deep-groove-ball-bearings/6220nr-dgbb-sr-nr.html
https://www.oss.nsk.com/products/bearings/ball-bearings/deep-groove-ball-bearings/single-row-deep-groove-ball-bearings/6220vv-dgbb-sr.html,https://www.oss.nsk.com/products/bearings/ball-bearings/deep-groove-ball-bearings/single-row-deep-groove-ball-bearings/6220vv-dgbb-sr.html
https://www.oss.nsk.com/products/bearings/ball-bearings/deep-groove-ball-bearings/single-row-deep-groove-ball-bearings/6220zz-dgbb-sr.html,https://www.oss.nsk.com/products/bearings/ball-bearings/deep-groove-ball-bearings/single-row-deep-groove-ball-bearings/6220zz-dgbb-sr.html
https://www.oss.nsk.com/products/bearings/ball-bearings/deep-groove-ball-bearings/single-row-deep-groove-ball-bearings/6320-dgbb-sr.html,https://www.oss.nsk.com/products/bearings/ball-bearings/deep-groove-ball-bearings/single-row-deep-groove-ball-bearings/6320-dgbb-sr.html
https://www.oss.nsk.com/products/bearings/ball-bearings/deep-groove-ball-bearings/single-row-deep-groove-ball-bearings/6320ddu-dgbb-sr.html,https://www.oss.nsk.com/products/bearings/ball-bearings/deep-groove-ball-bearings/single-row-deep-groove-ball-bearings/6320ddu-dgbb-sr.html
https://www.oss.nsk.com/products/bearings/ball-bearings/deep-groove-ball-bearings/single-row-deep-groove-ball-bearings/6320vv-dgbb-sr.html,https://www.oss.nsk.com/products/bearings/ball-bearings/deep-groove-ball-bearings/single-row-deep-groove-ball-bearings/6320vv-dgbb-sr.html
https://www.oss.nsk.com/products/bearings/ball-bearings/deep-groove-ball-bearings/single-row-deep-groove-ball-bearings/6320zz-dgbb-sr.html,https://www.oss.nsk.com/products/bearings/ball-bearings/deep-groove-ball-bearings/single-row-deep-groove-ball-bearings/6320zz-dgbb-sr.html
https://www.oss.nsk.com/products/bearings/ball-bearings/deep-groove-ball-bearings/single-row-deep-groove-ball-bearings/6821-dgbb-sr.html,https://www.oss.nsk.com/products/bearings/ball-bearings/deep-groove-ball-bearings/single-row-deep-groove-ball-bearings/6821-dgbb-sr.html
https://www.oss.nsk.com/products/bearings/ball-bearings/deep-groove-ball-bearings/single-row-deep-groove-ball-bearings/6821ddu-dgbb-sr.html,https://www.oss.nsk.com/products/bearings/ball-bearings/deep-groove-ball-bearings/single-row-deep-groove-ball-bearings/6821ddu-dgbb-sr.html
https://www.oss.nsk.com/products/bearings/ball-bearings/deep-groove-ball-bearings/single-row-deep-groove-ball-bearings/6821n-dgbb-sr-n.html,https://www.oss.nsk.com/products/bearings/ball-bearings/deep-groove-ball-bearings/single-row-deep-groove-ball-bearings/6821n-dgbb-sr-n.html
https://www.oss.nsk.com/products/bearings/ball-bearings/deep-groove-ball-bearings/single-row-deep-groove-ball-bearings/6821nr-dgbb-sr-nr.html,https://www.oss.nsk.com/products/bearings/ball-bearings/deep-groove-ball-bearings/single-row-deep-groove-ball-bearings/6821nr-dgbb-sr-nr.html
https://www.oss.nsk.com/products/bearings/ball-bearings/deep-groove-ball-bearings/single-row-deep-groove-ball-bearings/6821vv-dgbb-sr.html,https://www.oss.nsk.com/products/bearings/ball-bearings/deep-groove-ball-bearings/single-row-deep-groove-ball-bearings/6821vv-dgbb-sr.html
https://www.oss.nsk.com/products/bearings/ball-bearings/deep-groove-ball-bearings/single-row-deep-groove-ball-bearings/6821zz-dgbb-sr.html,https://www.oss.nsk.com/products/bearings/ball-bearings/deep-groove-ball-bearings/single-row-deep-groove-ball-bearings/6821zz-dgbb-sr.html
https://www.oss.nsk.com/products/bearings/ball-bearings/deep-groove-ball-bearings/single-row-deep-groove-ball-bearings/6921-dgbb-sr.html,https://www.oss.nsk.com/products/bearings/ball-bearings/deep-groove-ball-bearings/single-row-deep-groove-ball-bearings/6921-dgbb-sr.html
https://www.oss.nsk.com/products/bearings/ball-bearings/deep-groove-ball-bearings/single-row-deep-groove-ball-bearings/6921n-dgbb-sr-n.html,https://www.oss.nsk.com/products/bearings/ball-bearings/deep-groove-ball-bearings/single-row-deep-groove-ball-bearings/6921n-dgbb-sr-n.html
https://www.oss.nsk.com/products/bearings/ball-bearings/deep-groove-ball-bearings/single-row-deep-groove-ball-bearings/6921nr-dgbb-sr-nr.html,https://www.oss.nsk.com/products/bearings/ball-bearings/deep-groove-ball-bearings/single-row-deep-groove-ball-bearings/6921nr-dgbb-sr-nr.html
https://www.oss.nsk.com/products/bearings/ball-bearings/deep-groove-ball-bearings/single-row-deep-groove-ball-bearings/6921vv-dgbb-sr.html,https://www.oss.nsk.com/products/bearings/ball-bearings/deep-groove-ball-bearings/single-row-deep-groove-ball-bearings/6921vv-dgbb-sr.html
https://www.oss.nsk.com/products/bearings/ball-bearings/deep-groove-ball-bearings/single-row-deep-groove-ball-bearings/6921zz-dgbb-sr.html,https://www.oss.nsk.com/products/bearings/ball-bearings/deep-groove-ball-bearings/single-row-deep-groove-ball-bearings/6921zz-dgbb-sr.html
https://www.oss.nsk.com/products/bearings/ball-bearings/deep-groove-ball-bearings/single-row-deep-groove-ball-bearings/16021-dgbb-sr.html,https://www.oss.nsk.com/products/bearings/ball-bearings/deep-groove-ball-bearings/single-row-deep-groove-ball-bearings/16021-dgbb-sr.html
https://www.oss.nsk.com/products/bearings/ball-bearings/deep-groove-ball-bearings/single-row-deep-groove-ball-bearings/6021-dgbb-sr.html,https://www.oss.nsk.com/products/bearings/ball-bearings/deep-groove-ball-bearings/single-row-deep-groove-ball-bearings/6021-dgbb-sr.html
https://www.oss.nsk.com/products/bearings/ball-bearings/deep-groove-ball-bearings/single-row-deep-groove-ball-bearings/6021ddu-dgbb-sr.html,https://www.oss.nsk.com/products/bearings/ball-bearings/deep-groove-ball-bearings/single-row-deep-groove-ball-bearings/6021ddu-dgbb-sr.html
https://www.oss.nsk.com/products/bearings/ball-bearings/deep-groove-ball-bearings/single-row-deep-groove-ball-bearings/6021n-dgbb-sr-n.html,https://www.oss.nsk.com/products/bearings/ball-bearings/deep-groove-ball-bearings/single-row-deep-groove-ball-bearings/6021n-dgbb-sr-n.html
https://www.oss.nsk.com/products/bearings/ball-bearings/deep-groove-ball-bearings/single-row-deep-groove-ball-bearings/6021nr-dgbb-sr-nr.html,https://www.oss.nsk.com/products/bearings/ball-bearings/deep-groove-ball-bearings/single-row-deep-groove-ball-bearings/6021nr-dgbb-sr-nr.html
https://www.oss.nsk.com/products/bearings/ball-bearings/deep-groove-ball-bearings/single-row-deep-groove-ball-bearings/6021vv-dgbb-sr.html,https://www.oss.nsk.com/products/bearings/ball-bearings/deep-groove-ball-bearings/single-row-deep-groove-ball-bearings/6021vv-dgbb-sr.html
https://www.oss.nsk.com/products/bearings/ball-bearings/deep-groove-ball-bearings/single-row-deep-groove-ball-bearings/6021zz-dgbb-sr.html,https://www.oss.nsk.com/products/bearings/ball-bearings/deep-groove-ball-bearings/single-row-deep-groove-ball-bearings/6021zz-dgbb-sr.html
https://www.oss.nsk.com/products/bearings/ball-bearings/deep-groove-ball-bearings/single-row-deep-groove-ball-bearings/6221-dgbb-sr.html,https://www.oss.nsk.com/products/bearings/ball-bearings/deep-groove-ball-bearings/single-row-deep-groove-ball-bearings/6221-dgbb-sr.html
https://www.oss.nsk.com/products/bearings/ball-bearings/deep-groove-ball-bearings/single-row-deep-groove-ball-bearings/6221ddu-dgbb-sr.html,https://www.oss.nsk.com/products/bearings/ball-bearings/deep-groove-ball-bearings/single-row-deep-groove-ball-bearings/6221ddu-dgbb-sr.html
https://www.oss.nsk.com/products/bearings/ball-bearings/deep-groove-ball-bearings/single-row-deep-groove-ball-bearings/6221n-dgbb-sr-n.html,https://www.oss.nsk.com/products/bearings/ball-bearings/deep-groove-ball-bearings/single-row-deep-groove-ball-bearings/6221n-dgbb-sr-n.html
https://www.oss.nsk.com/products/bearings/ball-bearings/deep-groove-ball-bearings/single-row-deep-groove-ball-bearings/6221nr-dgbb-sr-nr.html,https://www.oss.nsk.com/products/bearings/ball-bearings/deep-groove-ball-bearings/single-row-deep-groove-ball-bearings/6221nr-dgbb-sr-nr.html
https://www.oss.nsk.com/products/bearings/ball-bearings/deep-groove-ball-bearings/single-row-deep-groove-ball-bearings/6221vv-dgbb-sr.html,https://www.oss.nsk.com/products/bearings/ball-bearings/deep-groove-ball-bearings/single-row-deep-groove-ball-bearings/6221vv-dgbb-sr.html
https://www.oss.nsk.com/products/bearings/ball-bearings/deep-groove-ball-bearings/single-row-deep-groove-ball-bearings/6221zz-dgbb-sr.html,https://www.oss.nsk.com/products/bearings/ball-bearings/deep-groove-ball-bearings/single-row-deep-groove-ball-bearings/6221zz-dgbb-sr.html
https://www.oss.nsk.com/products/bearings/ball-bearings/deep-groove-ball-bearings/single-row-deep-groove-ball-bearings/6321-dgbb-sr.html,https://www.oss.nsk.com/products/bearings/ball-bearings/deep-groove-ball-bearings/single-row-deep-groove-ball-bearings/6321-dgbb-sr.html
https://www.oss.nsk.com/products/bearings/ball-bearings/deep-groove-ball-bearings/single-row-deep-groove-ball-bearings/6321ddu-dgbb-sr.html,https://www.oss.nsk.com/products/bearings/ball-bearings/deep-groove-ball-bearings/single-row-deep-groove-ball-bearings/6321ddu-dgbb-sr.html
https://www.oss.nsk.com/products/bearings/ball-bearings/deep-groove-ball-bearings/single-row-deep-groove-ball-bearings/6321zz-dgbb-sr.html,https://www.oss.nsk.com/products/bearings/ball-bearings/deep-groove-ball-bearings/single-row-deep-groove-ball-bearings/6321zz-dgbb-sr.html
https://www.oss.nsk.com/products/bearings/ball-bearings/deep-groove-ball-bearings/single-row-deep-groove-ball-bearings/6822-dgbb-sr.html,https://www.oss.nsk.com/products/bearings/ball-bearings/deep-groove-ball-bearings/single-row-deep-groove-ball-bearings/6822-dgbb-sr.html
https://www.oss.nsk.com/products/bearings/ball-bearings/deep-groove-ball-bearings/single-row-deep-groove-ball-bearings/6822ddu-dgbb-sr.html,https://www.oss.nsk.com/products/bearings/ball-bearings/deep-groove-ball-bearings/single-row-deep-groove-ball-bearings/6822ddu-dgbb-sr.html
https://www.oss.nsk.com/products/bearings/ball-bearings/deep-groove-ball-bearings/single-row-deep-groove-ball-bearings/6822n-dgbb-sr-n.html,https://www.oss.nsk.com/products/bearings/ball-bearings/deep-groove-ball-bearings/single-row-deep-groove-ball-bearings/6822n-dgbb-sr-n.html
https://www.oss.nsk.com/products/bearings/ball-bearings/deep-groove-ball-bearings/single-row-deep-groove-ball-bearings/6822nr-dgbb-sr-nr.html,https://www.oss.nsk.com/products/bearings/ball-bearings/deep-groove-ball-bearings/single-row-deep-groove-ball-bearings/6822nr-dgbb-sr-nr.html
https://www.oss.nsk.com/products/bearings/ball-bearings/deep-groove-ball-bearings/single-row-deep-groove-ball-bearings/6822vv-dgbb-sr.html,https://www.oss.nsk.com/products/bearings/ball-bearings/deep-groove-ball-bearings/single-row-deep-groove-ball-bearings/6822vv-dgbb-sr.html
https://www.oss.nsk.com/products/bearings/ball-bearings/deep-groove-ball-bearings/single-row-deep-groove-ball-bearings/6822zz-dgbb-sr.html,https://www.oss.nsk.com/products/bearings/ball-bearings/deep-groove-ball-bearings/single-row-deep-groove-ball-bearings/6822zz-dgbb-sr.html
https://www.oss.nsk.com/products/bearings/ball-bearings/deep-groove-ball-bearings/single-row-deep-groove-ball-bearings/6922-dgbb-sr.html,https://www.oss.nsk.com/products/bearings/ball-bearings/deep-groove-ball-bearings/single-row-deep-groove-ball-bearings/6922-dgbb-sr.html
https://www.oss.nsk.com/products/bearings/ball-bearings/deep-groove-ball-bearings/single-row-deep-groove-ball-bearings/6922ddu-dgbb-sr.html,https://www.oss.nsk.com/products/bearings/ball-bearings/deep-groove-ball-bearings/single-row-deep-groove-ball-bearings/6922ddu-dgbb-sr.html
https://www.oss.nsk.com/products/bearings/ball-bearings/deep-groove-ball-bearings/single-row-deep-groove-ball-bearings/6922n-dgbb-sr-n.html,https://www.oss.nsk.com/products/bearings/ball-bearings/deep-groove-ball-bearings/single-row-deep-groove-ball-bearings/6922n-dgbb-sr-n.html
https://www.oss.nsk.com/products/bearings/ball-bearings/deep-groove-ball-bearings/single-row-deep-groove-ball-bearings/6922nr-dgbb-sr-nr.html,https://www.oss.nsk.com/products/bearings/ball-bearings/deep-groove-ball-bearings/single-row-deep-groove-ball-bearings/6922nr-dgbb-sr-nr.html
https://www.oss.nsk.com/products/bearings/ball-bearings/deep-groove-ball-bearings/single-row-deep-groove-ball-bearings/6922vv-dgbb-sr.html,https://www.oss.nsk.com/products/bearings/ball-bearings/deep-groove-ball-bearings/single-row-deep-groove-ball-bearings/6922vv-dgbb-sr.html
https://www.oss.nsk.com/products/bearings/ball-bearings/deep-groove-ball-bearings/single-row-deep-groove-ball-bearings/6922zz-dgbb-sr.html,https://www.oss.nsk.com/products/bearings/ball-bearings/deep-groove-ball-bearings/single-row-deep-groove-ball-bearings/6922zz-dgbb-sr.html
https://www.oss.nsk.com/products/bearings/ball-bearings/deep-groove-ball-bearings/single-row-deep-groove-ball-bearings/16022-dgbb-sr.html,https://www.oss.nsk.com/products/bearings/ball-bearings/deep-groove-ball-bearings/single-row-deep-groove-ball-bearings/16022-dgbb-sr.html
https://www.oss.nsk.com/products/bearings/ball-bearings/deep-groove-ball-bearings/single-row-deep-groove-ball-bearings/6022-dgbb-sr.html,https://www.oss.nsk.com/products/bearings/ball-bearings/deep-groove-ball-bearings/single-row-deep-groove-ball-bearings/6022-dgbb-sr.html
https://www.oss.nsk.com/products/bearings/ball-bearings/deep-groove-ball-bearings/single-row-deep-groove-ball-bearings/6022ddu-dgbb-sr.html,https://www.oss.nsk.com/products/bearings/ball-bearings/deep-groove-ball-bearings/single-row-deep-groove-ball-bearings/6022ddu-dgbb-sr.html
https://www.oss.nsk.com/products/bearings/ball-bearings/deep-groove-ball-bearings/single-row-deep-groove-ball-bearings/6022n-dgbb-sr-n.html,https://www.oss.nsk.com/products/bearings/ball-bearings/deep-groove-ball-bearings/single-row-deep-groove-ball-bearings/6022n-dgbb-sr-n.html
https://www.oss.nsk.com/products/bearings/ball-bearings/deep-groove-ball-bearings/single-row-deep-groove-ball-bearings/6022nr-dgbb-sr-nr.html,https://www.oss.nsk.com/products/bearings/ball-bearings/deep-groove-ball-bearings/single-row-deep-groove-ball-bearings/6022nr-dgbb-sr-nr.html
https://www.oss.nsk.com/products/bearings/ball-bearings/deep-groove-ball-bearings/single-row-deep-groove-ball-bearings/6022vv-dgbb-sr.html,https://www.oss.nsk.com/products/bearings/ball-bearings/deep-groove-ball-bearings/single-row-deep-groove-ball-bearings/6022vv-dgbb-sr.html
https://www.oss.nsk.com/products/bearings/ball-bearings/deep-groove-ball-bearings/single-row-deep-groove-ball-bearings/6022zz-dgbb-sr.html,https://www.oss.nsk.com/products/bearings/ball-bearings/deep-groove-ball-bearings/single-row-deep-groove-ball-bearings/6022zz-dgbb-sr.html
https://www.oss.nsk.com/products/bearings/ball-bearings/deep-groove-ball-bearings/single-row-deep-groove-ball-bearings/6222-dgbb-sr.html,https://www.oss.nsk.com/products/bearings/ball-bearings/deep-groove-ball-bearings/single-row-deep-groove-ball-bearings/6222-dgbb-sr.html
https://www.oss.nsk.com/products/bearings/ball-bearings/deep-groove-ball-bearings/single-row-deep-groove-ball-bearings/6222ddu-dgbb-sr.html,https://www.oss.nsk.com/products/bearings/ball-bearings/deep-groove-ball-bearings/single-row-deep-groove-ball-bearings/6222ddu-dgbb-sr.html
https://www.oss.nsk.com/products/bearings/ball-bearings/deep-groove-ball-bearings/single-row-deep-groove-ball-bearings/6222n-dgbb-sr-n.html,https://www.oss.nsk.com/products/bearings/ball-bearings/deep-groove-ball-bearings/single-row-deep-groove-ball-bearings/6222n-dgbb-sr-n.html
https://www.oss.nsk.com/products/bearings/ball-bearings/deep-groove-ball-bearings/single-row-deep-groove-ball-bearings/6222nr-dgbb-sr-nr.html,https://www.oss.nsk.com/products/bearings/ball-bearings/deep-groove-ball-bearings/single-row-deep-groove-ball-bearings/6222nr-dgbb-sr-nr.html
https://www.oss.nsk.com/products/bearings/ball-bearings/deep-groove-ball-bearings/single-row-deep-groove-ball-bearings/6222vv-dgbb-sr.html,https://www.oss.nsk.com/products/bearings/ball-bearings/deep-groove-ball-bearings/single-row-deep-groove-ball-bearings/6222vv-dgbb-sr.html
https://www.oss.nsk.com/products/bearings/ball-bearings/deep-groove-ball-bearings/single-row-deep-groove-ball-bearings/6222zz-dgbb-sr.html,https://www.oss.nsk.com/products/bearings/ball-bearings/deep-groove-ball-bearings/single-row-deep-groove-ball-bearings/6222zz-dgbb-sr.html
https://www.oss.nsk.com/products/bearings/ball-bearings/deep-groove-ball-bearings/single-row-deep-groove-ball-bearings/6322-dgbb-sr.html,https://www.oss.nsk.com/products/bearings/ball-bearings/deep-groove-ball-bearings/single-row-deep-groove-ball-bearings/6322-dgbb-sr.html
https://www.oss.nsk.com/products/bearings/ball-bearings/deep-groove-ball-bearings/single-row-deep-groove-ball-bearings/6322zz-dgbb-sr.html,https://www.oss.nsk.com/products/bearings/ball-bearings/deep-groove-ball-bearings/single-row-deep-groove-ball-bearings/6322zz-dgbb-sr.html
https://www.oss.nsk.com/products/bearings/ball-bearings/deep-groove-ball-bearings/single-row-deep-groove-ball-bearings/6824-dgbb-sr.html,https://www.oss.nsk.com/products/bearings/ball-bearings/deep-groove-ball-bearings/single-row-deep-groove-ball-bearings/6824-dgbb-sr.html
https://www.oss.nsk.com/products/bearings/ball-bearings/deep-groove-ball-bearings/single-row-deep-groove-ball-bearings/6824dd-dgbb-sr.html,https://www.oss.nsk.com/products/bearings/ball-bearings/deep-groove-ball-bearings/single-row-deep-groove-ball-bearings/6824dd-dgbb-sr.html
https://www.oss.nsk.com/products/bearings/ball-bearings/deep-groove-ball-bearings/single-row-deep-groove-ball-bearings/6824n-dgbb-sr-n.html,https://www.oss.nsk.com/products/bearings/ball-bearings/deep-groove-ball-bearings/single-row-deep-groove-ball-bearings/6824n-dgbb-sr-n.html
https://www.oss.nsk.com/products/bearings/ball-bearings/deep-groove-ball-bearings/single-row-deep-groove-ball-bearings/6824nr-dgbb-sr-nr.html,https://www.oss.nsk.com/products/bearings/ball-bearings/deep-groove-ball-bearings/single-row-deep-groove-ball-bearings/6824nr-dgbb-sr-nr.html
https://www.oss.nsk.com/products/bearings/ball-bearings/deep-groove-ball-bearings/single-row-deep-groove-ball-bearings/6824vv-dgbb-sr.html,https://www.oss.nsk.com/products/bearings/ball-bearings/deep-groove-ball-bearings/single-row-deep-groove-ball-bearings/6824vv-dgbb-sr.html
https://www.oss.nsk.com/products/bearings/ball-bearings/deep-groove-ball-bearings/single-row-deep-groove-ball-bearings/6824zz-dgbb-sr.html,https://www.oss.nsk.com/products/bearings/ball-bearings/deep-groove-ball-bearings/single-row-deep-groove-ball-bearings/6824zz-dgbb-sr.html
https://www.oss.nsk.com/products/bearings/ball-bearings/deep-groove-ball-bearings/single-row-deep-groove-ball-bearings/6924-dgbb-sr.html,https://www.oss.nsk.com/products/bearings/ball-bearings/deep-groove-ball-bearings/single-row-deep-groove-ball-bearings/6924-dgbb-sr.html
https://www.oss.nsk.com/products/bearings/ball-bearings/deep-groove-ball-bearings/single-row-deep-groove-ball-bearings/6924n-dgbb-sr-n.html,https://www.oss.nsk.com/products/bearings/ball-bearings/deep-groove-ball-bearings/single-row-deep-groove-ball-bearings/6924n-dgbb-sr-n.html
https://www.oss.nsk.com/products/bearings/ball-bearings/deep-groove-ball-bearings/single-row-deep-groove-ball-bearings/6924nr-dgbb-sr-nr.html,https://www.oss.nsk.com/products/bearings/ball-bearings/deep-groove-ball-bearings/single-row-deep-groove-ball-bearings/6924nr-dgbb-sr-nr.html
https://www.oss.nsk.com/products/bearings/ball-bearings/deep-groove-ball-bearings/single-row-deep-groove-ball-bearings/6924zz-dgbb-sr.html,https://www.oss.nsk.com/products/bearings/ball-bearings/deep-groove-ball-bearings/single-row-deep-groove-ball-bearings/6924zz-dgbb-sr.html
https://www.oss.nsk.com/products/bearings/ball-bearings/deep-groove-ball-bearings/single-row-deep-groove-ball-bearings/16024-dgbb-sr.html,https://www.oss.nsk.com/products/bearings/ball-bearings/deep-groove-ball-bearings/single-row-deep-groove-ball-bearings/16024-dgbb-sr.html
https://www.oss.nsk.com/products/bearings/ball-bearings/deep-groove-ball-bearings/single-row-deep-groove-ball-bearings/6024-dgbb-sr.html,https://www.oss.nsk.com/products/bearings/ball-bearings/deep-groove-ball-bearings/single-row-deep-groove-ball-bearings/6024-dgbb-sr.html
https://www.oss.nsk.com/products/bearings/ball-bearings/deep-groove-ball-bearings/single-row-deep-groove-ball-bearings/6024ddu-dgbb-sr.html,https://www.oss.nsk.com/products/bearings/ball-bearings/deep-groove-ball-bearings/single-row-deep-groove-ball-bearings/6024ddu-dgbb-sr.html
https://www.oss.nsk.com/products/bearings/ball-bearings/deep-groove-ball-bearings/single-row-deep-groove-ball-bearings/6024n-dgbb-sr-n.html,https://www.oss.nsk.com/products/bearings/ball-bearings/deep-groove-ball-bearings/single-row-deep-groove-ball-bearings/6024n-dgbb-sr-n.html
https://www.oss.nsk.com/products/bearings/ball-bearings/deep-groove-ball-bearings/single-row-deep-groove-ball-bearings/6024nr-dgbb-sr-nr.html,https://www.oss.nsk.com/products/bearings/ball-bearings/deep-groove-ball-bearings/single-row-deep-groove-ball-bearings/6024nr-dgbb-sr-nr.html
https://www.oss.nsk.com/products/bearings/ball-bearings/deep-groove-ball-bearings/single-row-deep-groove-ball-bearings/6024vv-dgbb-sr.html,https://www.oss.nsk.com/products/bearings/ball-bearings/deep-groove-ball-bearings/single-row-deep-groove-ball-bearings/6024vv-dgbb-sr.html
https://www.oss.nsk.com/products/bearings/ball-bearings/deep-groove-ball-bearings/single-row-deep-groove-ball-bearings/6024zz-dgbb-sr.html,https://www.oss.nsk.com/products/bearings/ball-bearings/deep-groove-ball-bearings/single-row-deep-groove-ball-bearings/6024zz-dgbb-sr.html
https://www.oss.nsk.com/products/bearings/ball-bearings/deep-groove-ball-bearings/single-row-deep-groove-ball-bearings/6224-dgbb-sr.html,https://www.oss.nsk.com/products/bearings/ball-bearings/deep-groove-ball-bearings/single-row-deep-groove-ball-bearings/6224-dgbb-sr.html
https://www.oss.nsk.com/products/bearings/ball-bearings/deep-groove-ball-bearings/single-row-deep-groove-ball-bearings/6224ddu-dgbb-sr.html,https://www.oss.nsk.com/products/bearings/ball-bearings/deep-groove-ball-bearings/single-row-deep-groove-ball-bearings/6224ddu-dgbb-sr.html
https://www.oss.nsk.com/products/bearings/ball-bearings/deep-groove-ball-bearings/single-row-deep-groove-ball-bearings/6224vv-dgbb-sr.html,https://www.oss.nsk.com/products/bearings/ball-bearings/deep-groove-ball-bearings/single-row-deep-groove-ball-bearings/6224vv-dgbb-sr.html
https://www.oss.nsk.com/products/bearings/ball-bearings/deep-groove-ball-bearings/single-row-deep-groove-ball-bearings/6224zz-dgbb-sr.html,https://www.oss.nsk.com/products/bearings/ball-bearings/deep-groove-ball-bearings/single-row-deep-groove-ball-bearings/6224zz-dgbb-sr.html
https://www.oss.nsk.com/products/bearings/ball-bearings/deep-groove-ball-bearings/single-row-deep-groove-ball-bearings/6324-dgbb-sr.html,https://www.oss.nsk.com/products/bearings/ball-bearings/deep-groove-ball-bearings/single-row-deep-groove-ball-bearings/6324-dgbb-sr.html
https://www.oss.nsk.com/products/bearings/ball-bearings/deep-groove-ball-bearings/single-row-deep-groove-ball-bearings/6324ddu-dgbb-sr.html,https://www.oss.nsk.com/products/bearings/ball-bearings/deep-groove-ball-bearings/single-row-deep-groove-ball-bearings/6324ddu-dgbb-sr.html
https://www.oss.nsk.com/products/bearings/ball-bearings/deep-groove-ball-bearings/single-row-deep-groove-ball-bearings/6324zzs-dgbb-sr.html,https://www.oss.nsk.com/products/bearings/ball-bearings/deep-groove-ball-bearings/single-row-deep-groove-ball-bearings/6324zzs-dgbb-sr.html
https://www.oss.nsk.com/products/bearings/ball-bearings/deep-groove-ball-bearings/single-row-deep-groove-ball-bearings/6826-dgbb-sr.html,https://www.oss.nsk.com/products/bearings/ball-bearings/deep-groove-ball-bearings/single-row-deep-groove-ball-bearings/6826-dgbb-sr.html
https://www.oss.nsk.com/products/bearings/ball-bearings/deep-groove-ball-bearings/single-row-deep-groove-ball-bearings/6826dd-dgbb-sr.html,https://www.oss.nsk.com/products/bearings/ball-bearings/deep-groove-ball-bearings/single-row-deep-groove-ball-bearings/6826dd-dgbb-sr.html
https://www.oss.nsk.com/products/bearings/ball-bearings/deep-groove-ball-bearings/single-row-deep-groove-ball-bearings/6826n-dgbb-sr-n.html,https://www.oss.nsk.com/products/bearings/ball-bearings/deep-groove-ball-bearings/single-row-deep-groove-ball-bearings/6826n-dgbb-sr-n.html
https://www.oss.nsk.com/products/bearings/ball-bearings/deep-groove-ball-bearings/single-row-deep-groove-ball-bearings/6826nr-dgbb-sr-nr.html,https://www.oss.nsk.com/products/bearings/ball-bearings/deep-groove-ball-bearings/single-row-deep-groove-ball-bearings/6826nr-dgbb-sr-nr.html
https://www.oss.nsk.com/products/bearings/ball-bearings/deep-groove-ball-bearings/single-row-deep-groove-ball-bearings/6826vv-dgbb-sr.html,https://www.oss.nsk.com/products/bearings/ball-bearings/deep-groove-ball-bearings/single-row-deep-groove-ball-bearings/6826vv-dgbb-sr.html
https://www.oss.nsk.com/products/bearings/ball-bearings/deep-groove-ball-bearings/single-row-deep-groove-ball-bearings/6826zzs-dgbb-sr.html,https://www.oss.nsk.com/products/bearings/ball-bearings/deep-groove-ball-bearings/single-row-deep-groove-ball-bearings/6826zzs-dgbb-sr.html
https://www.oss.nsk.com/products/bearings/ball-bearings/deep-groove-ball-bearings/single-row-deep-groove-ball-bearings/6926-dgbb-sr.html,https://www.oss.nsk.com/products/bearings/ball-bearings/deep-groove-ball-bearings/single-row-deep-groove-ball-bearings/6926-dgbb-sr.html
https://www.oss.nsk.com/products/bearings/ball-bearings/deep-groove-ball-bearings/single-row-deep-groove-ball-bearings/6926n-dgbb-sr-n.html,https://www.oss.nsk.com/products/bearings/ball-bearings/deep-groove-ball-bearings/single-row-deep-groove-ball-bearings/6926n-dgbb-sr-n.html
https://www.oss.nsk.com/products/bearings/ball-bearings/deep-groove-ball-bearings/single-row-deep-groove-ball-bearings/6926nr-dgbb-sr-nr.html,https://www.oss.nsk.com/products/bearings/ball-bearings/deep-groove-ball-bearings/single-row-deep-groove-ball-bearings/6926nr-dgbb-sr-nr.html
https://www.oss.nsk.com/products/bearings/ball-bearings/deep-groove-ball-bearings/single-row-deep-groove-ball-bearings/6926zz-dgbb-sr.html,https://www.oss.nsk.com/products/bearings/ball-bearings/deep-groove-ball-bearings/single-row-deep-groove-ball-bearings/6926zz-dgbb-sr.html
https://www.oss.nsk.com/products/bearings/ball-bearings/deep-groove-ball-bearings/single-row-deep-groove-ball-bearings/16026-dgbb-sr.html,https://www.oss.nsk.com/products/bearings/ball-bearings/deep-groove-ball-bearings/single-row-deep-groove-ball-bearings/16026-dgbb-sr.html
https://www.oss.nsk.com/products/bearings/ball-bearings/deep-groove-ball-bearings/single-row-deep-groove-ball-bearings/6026-dgbb-sr.html,https://www.oss.nsk.com/products/bearings/ball-bearings/deep-groove-ball-bearings/single-row-deep-groove-ball-bearings/6026-dgbb-sr.html
https://www.oss.nsk.com/products/bearings/ball-bearings/deep-groove-ball-bearings/single-row-deep-groove-ball-bearings/6026ddu-dgbb-sr.html,https://www.oss.nsk.com/products/bearings/ball-bearings/deep-groove-ball-bearings/single-row-deep-groove-ball-bearings/6026ddu-dgbb-sr.html
https://www.oss.nsk.com/products/bearings/ball-bearings/deep-groove-ball-bearings/single-row-deep-groove-ball-bearings/6026n-dgbb-sr-n.html,https://www.oss.nsk.com/products/bearings/ball-bearings/deep-groove-ball-bearings/single-row-deep-groove-ball-bearings/6026n-dgbb-sr-n.html
https://www.oss.nsk.com/products/bearings/ball-bearings/deep-groove-ball-bearings/single-row-deep-groove-ball-bearings/6026nr-dgbb-sr-nr.html,https://www.oss.nsk.com/products/bearings/ball-bearings/deep-groove-ball-bearings/single-row-deep-groove-ball-bearings/6026nr-dgbb-sr-nr.html
https://www.oss.nsk.com/products/bearings/ball-bearings/deep-groove-ball-bearings/single-row-deep-groove-ball-bearings/6026zz-dgbb-sr.html,https://www.oss.nsk.com/products/bearings/ball-bearings/deep-groove-ball-bearings/single-row-deep-groove-ball-bearings/6026zz-dgbb-sr.html
https://www.oss.nsk.com/products/bearings/ball-bearings/deep-groove-ball-bearings/single-row-deep-groove-ball-bearings/6226-dgbb-sr.html,https://www.oss.nsk.com/products/bearings/ball-bearings/deep-groove-ball-bearings/single-row-deep-groove-ball-bearings/6226-dgbb-sr.html
https://www.oss.nsk.com/products/bearings/ball-bearings/deep-groove-ball-bearings/single-row-deep-groove-ball-bearings/6226zz-dgbb-sr.html,https://www.oss.nsk.com/products/bearings/ball-bearings/deep-groove-ball-bearings/single-row-deep-groove-ball-bearings/6226zz-dgbb-sr.html
https://www.oss.nsk.com/products/bearings/ball-bearings/deep-groove-ball-bearings/single-row-deep-groove-ball-bearings/6326-dgbb-sr.html,https://www.oss.nsk.com/products/bearings/ball-bearings/deep-groove-ball-bearings/single-row-deep-groove-ball-bearings/6326-dgbb-sr.html
https://www.oss.nsk.com/products/bearings/ball-bearings/deep-groove-ball-bearings/single-row-deep-groove-ball-bearings/6326zzs-dgbb-sr.html,https://www.oss.nsk.com/products/bearings/ball-bearings/deep-groove-ball-bearings/single-row-deep-groove-ball-bearings/6326zzs-dgbb-sr.html
https://www.oss.nsk.com/products/bearings/ball-bearings/deep-groove-ball-bearings/single-row-deep-groove-ball-bearings/6828-dgbb-sr.html,https://www.oss.nsk.com/products/bearings/ball-bearings/deep-groove-ball-bearings/single-row-deep-groove-ball-bearings/6828-dgbb-sr.html
https://www.oss.nsk.com/products/bearings/ball-bearings/deep-groove-ball-bearings/single-row-deep-groove-ball-bearings/6828ddu-dgbb-sr.html,https://www.oss.nsk.com/products/bearings/ball-bearings/deep-groove-ball-bearings/single-row-deep-groove-ball-bearings/6828ddu-dgbb-sr.html
https://www.oss.nsk.com/products/bearings/ball-bearings/deep-groove-ball-bearings/single-row-deep-groove-ball-bearings/6828n-dgbb-sr-n.html,https://www.oss.nsk.com/products/bearings/ball-bearings/deep-groove-ball-bearings/single-row-deep-groove-ball-bearings/6828n-dgbb-sr-n.html
https://www.oss.nsk.com/products/bearings/ball-bearings/deep-groove-ball-bearings/single-row-deep-groove-ball-bearings/6828nr-dgbb-sr-nr.html,https://www.oss.nsk.com/products/bearings/ball-bearings/deep-groove-ball-bearings/single-row-deep-groove-ball-bearings/6828nr-dgbb-sr-nr.html
https://www.oss.nsk.com/products/bearings/ball-bearings/deep-groove-ball-bearings/single-row-deep-groove-ball-bearings/6828vv-dgbb-sr.html,https://www.oss.nsk.com/products/bearings/ball-bearings/deep-groove-ball-bearings/single-row-deep-groove-ball-bearings/6828vv-dgbb-sr.html
https://www.oss.nsk.com/products/bearings/ball-bearings/deep-groove-ball-bearings/single-row-deep-groove-ball-bearings/6828zz-dgbb-sr.html,https://www.oss.nsk.com/products/bearings/ball-bearings/deep-groove-ball-bearings/single-row-deep-groove-ball-bearings/6828zz-dgbb-sr.html
https://www.oss.nsk.com/products/bearings/ball-bearings/deep-groove-ball-bearings/single-row-deep-groove-ball-bearings/6928-dgbb-sr.html,https://www.oss.nsk.com/products/bearings/ball-bearings/deep-groove-ball-bearings/single-row-deep-groove-ball-bearings/6928-dgbb-sr.html
https://www.oss.nsk.com/products/bearings/ball-bearings/deep-groove-ball-bearings/single-row-deep-groove-ball-bearings/6928n-dgbb-sr-n.html,https://www.oss.nsk.com/products/bearings/ball-bearings/deep-groove-ball-bearings/single-row-deep-groove-ball-bearings/6928n-dgbb-sr-n.html
https://www.oss.nsk.com/products/bearings/ball-bearings/deep-groove-ball-bearings/single-row-deep-groove-ball-bearings/6928nr-dgbb-sr-nr.html,https://www.oss.nsk.com/products/bearings/ball-bearings/deep-groove-ball-bearings/single-row-deep-groove-ball-bearings/6928nr-dgbb-sr-nr.html
https://www.oss.nsk.com/products/bearings/ball-bearings/deep-groove-ball-bearings/single-row-deep-groove-ball-bearings/6928vv-dgbb-sr.html,https://www.oss.nsk.com/products/bearings/ball-bearings/deep-groove-ball-bearings/single-row-deep-groove-ball-bearings/6928vv-dgbb-sr.html
https://www.oss.nsk.com/products/bearings/ball-bearings/deep-groove-ball-bearings/single-row-deep-groove-ball-bearings/6928zzs-dgbb-sr.html,https://www.oss.nsk.com/products/bearings/ball-bearings/deep-groove-ball-bearings/single-row-deep-groove-ball-bearings/6928zzs-dgbb-sr.html
https://www.oss.nsk.com/products/bearings/ball-bearings/deep-groove-ball-bearings/single-row-deep-groove-ball-bearings/16028-dgbb-sr.html,https://www.oss.nsk.com/products/bearings/ball-bearings/deep-groove-ball-bearings/single-row-deep-groove-ball-bearings/16028-dgbb-sr.html
https://www.oss.nsk.com/products/bearings/ball-bearings/deep-groove-ball-bearings/single-row-deep-groove-ball-bearings/6028-dgbb-sr.html,https://www.oss.nsk.com/products/bearings/ball-bearings/deep-groove-ball-bearings/single-row-deep-groove-ball-bearings/6028-dgbb-sr.html
https://www.oss.nsk.com/products/bearings/ball-bearings/deep-groove-ball-bearings/single-row-deep-groove-ball-bearings/6028ddu-dgbb-sr.html,https://www.oss.nsk.com/products/bearings/ball-bearings/deep-groove-ball-bearings/single-row-deep-groove-ball-bearings/6028ddu-dgbb-sr.html
https://www.oss.nsk.com/products/bearings/ball-bearings/deep-groove-ball-bearings/single-row-deep-groove-ball-bearings/6028zz-dgbb-sr.html,https://www.oss.nsk.com/products/bearings/ball-bearings/deep-groove-ball-bearings/single-row-deep-groove-ball-bearings/6028zz-dgbb-sr.html
https://www.oss.nsk.com/products/bearings/ball-bearings/deep-groove-ball-bearings/single-row-deep-groove-ball-bearings/6228-dgbb-sr.html,https://www.oss.nsk.com/products/bearings/ball-bearings/deep-groove-ball-bearings/single-row-deep-groove-ball-bearings/6228-dgbb-sr.html
https://www.oss.nsk.com/products/bearings/ball-bearings/deep-groove-ball-bearings/single-row-deep-groove-ball-bearings/6228ddu-dgbb-sr.html,https://www.oss.nsk.com/products/bearings/ball-bearings/deep-groove-ball-bearings/single-row-deep-groove-ball-bearings/6228ddu-dgbb-sr.html
https://www.oss.nsk.com/products/bearings/ball-bearings/deep-groove-ball-bearings/single-row-deep-groove-ball-bearings/6228zzs-dgbb-sr.html,https://www.oss.nsk.com/products/bearings/ball-bearings/deep-groove-ball-bearings/single-row-deep-groove-ball-bearings/6228zzs-dgbb-sr.html
https://www.oss.nsk.com/products/bearings/ball-bearings/deep-groove-ball-bearings/single-row-deep-groove-ball-bearings/6328-dgbb-sr.html,https://www.oss.nsk.com/products/bearings/ball-bearings/deep-groove-ball-bearings/single-row-deep-groove-ball-bearings/6328-dgbb-sr.html
https://www.oss.nsk.com/products/bearings/ball-bearings/deep-groove-ball-bearings/single-row-deep-groove-ball-bearings/6328zzs-dgbb-sr.html,https://www.oss.nsk.com/products/bearings/ball-bearings/deep-groove-ball-bearings/single-row-deep-groove-ball-bearings/6328zzs-dgbb-sr.html
https://www.oss.nsk.com/products/bearings/ball-bearings/deep-groove-ball-bearings/single-row-deep-groove-ball-bearings/6830-dgbb-sr.html,https://www.oss.nsk.com/products/bearings/ball-bearings/deep-groove-ball-bearings/single-row-deep-groove-ball-bearings/6830-dgbb-sr.html
https://www.oss.nsk.com/products/bearings/ball-bearings/deep-groove-ball-bearings/single-row-deep-groove-ball-bearings/6830ddu-dgbb-sr.html,https://www.oss.nsk.com/products/bearings/ball-bearings/deep-groove-ball-bearings/single-row-deep-groove-ball-bearings/6830ddu-dgbb-sr.html
https://www.oss.nsk.com/products/bearings/ball-bearings/deep-groove-ball-bearings/single-row-deep-groove-ball-bearings/6830n-dgbb-sr-n.html,https://www.oss.nsk.com/products/bearings/ball-bearings/deep-groove-ball-bearings/single-row-deep-groove-ball-bearings/6830n-dgbb-sr-n.html
https://www.oss.nsk.com/products/bearings/ball-bearings/deep-groove-ball-bearings/single-row-deep-groove-ball-bearings/6830nr-dgbb-sr-nr.html,https://www.oss.nsk.com/products/bearings/ball-bearings/deep-groove-ball-bearings/single-row-deep-groove-ball-bearings/6830nr-dgbb-sr-nr.html
https://www.oss.nsk.com/products/bearings/ball-bearings/deep-groove-ball-bearings/single-row-deep-groove-ball-bearings/6830vv-dgbb-sr.html,https://www.oss.nsk.com/products/bearings/ball-bearings/deep-groove-ball-bearings/single-row-deep-groove-ball-bearings/6830vv-dgbb-sr.html
https://www.oss.nsk.com/products/bearings/ball-bearings/deep-groove-ball-bearings/single-row-deep-groove-ball-bearings/6830zz-dgbb-sr.html,https://www.oss.nsk.com/products/bearings/ball-bearings/deep-groove-ball-bearings/single-row-deep-groove-ball-bearings/6830zz-dgbb-sr.html
https://www.oss.nsk.com/products/bearings/ball-bearings/deep-groove-ball-bearings/single-row-deep-groove-ball-bearings/6930-dgbb-sr.html,https://www.oss.nsk.com/products/bearings/ball-bearings/deep-groove-ball-bearings/single-row-deep-groove-ball-bearings/6930-dgbb-sr.html
https://www.oss.nsk.com/products/bearings/ball-bearings/deep-groove-ball-bearings/single-row-deep-groove-ball-bearings/6930ddu-dgbb-sr.html,https://www.oss.nsk.com/products/bearings/ball-bearings/deep-groove-ball-bearings/single-row-deep-groove-ball-bearings/6930ddu-dgbb-sr.html
https://www.oss.nsk.com/products/bearings/ball-bearings/deep-groove-ball-bearings/single-row-deep-groove-ball-bearings/6930zzs-dgbb-sr.html,https://www.oss.nsk.com/products/bearings/ball-bearings/deep-groove-ball-bearings/single-row-deep-groove-ball-bearings/6930zzs-dgbb-sr.html
https://www.oss.nsk.com/products/bearings/ball-bearings/deep-groove-ball-bearings/single-row-deep-groove-ball-bearings/16030-dgbb-sr.html,https://www.oss.nsk.com/products/bearings/ball-bearings/deep-groove-ball-bearings/single-row-deep-groove-ball-bearings/16030-dgbb-sr.html
https://www.oss.nsk.com/products/bearings/ball-bearings/deep-groove-ball-bearings/single-row-deep-groove-ball-bearings/6030-dgbb-sr.html,https://www.oss.nsk.com/products/bearings/ball-bearings/deep-groove-ball-bearings/single-row-deep-groove-ball-bearings/6030-dgbb-sr.html
https://www.oss.nsk.com/products/bearings/ball-bearings/deep-groove-ball-bearings/single-row-deep-groove-ball-bearings/6030ddu-dgbb-sr.html,https://www.oss.nsk.com/products/bearings/ball-bearings/deep-groove-ball-bearings/single-row-deep-groove-ball-bearings/6030ddu-dgbb-sr.html
https://www.oss.nsk.com/products/bearings/ball-bearings/deep-groove-ball-bearings/single-row-deep-groove-ball-bearings/6030vv-dgbb-sr.html,https://www.oss.nsk.com/products/bearings/ball-bearings/deep-groove-ball-bearings/single-row-deep-groove-ball-bearings/6030vv-dgbb-sr.html
https://www.oss.nsk.com/products/bearings/ball-bearings/deep-groove-ball-bearings/single-row-deep-groove-ball-bearings/6030zz-dgbb-sr.html,https://www.oss.nsk.com/products/bearings/ball-bearings/deep-groove-ball-bearings/single-row-deep-groove-ball-bearings/6030zz-dgbb-sr.html
https://www.oss.nsk.com/products/bearings/ball-bearings/deep-groove-ball-bearings/single-row-deep-groove-ball-bearings/6230-dgbb-sr.html,https://www.oss.nsk.com/products/bearings/ball-bearings/deep-groove-ball-bearings/single-row-deep-groove-ball-bearings/6230-dgbb-sr.html
https://www.oss.nsk.com/products/bearings/ball-bearings/deep-groove-ball-bearings/single-row-deep-groove-ball-bearings/6230zzs-dgbb-sr.html,https://www.oss.nsk.com/products/bearings/ball-bearings/deep-groove-ball-bearings/single-row-deep-groove-ball-bearings/6230zzs-dgbb-sr.html
https://www.oss.nsk.com/products/bearings/ball-bearings/deep-groove-ball-bearings/single-row-deep-groove-ball-bearings/6330-dgbb-sr.html,https://www.oss.nsk.com/products/bearings/ball-bearings/deep-groove-ball-bearings/single-row-deep-groove-ball-bearings/6330-dgbb-sr.html
https://www.oss.nsk.com/products/bearings/ball-bearings/deep-groove-ball-bearings/single-row-deep-groove-ball-bearings/6330zzs-dgbb-sr.html,https://www.oss.nsk.com/products/bearings/ball-bearings/deep-groove-ball-bearings/single-row-deep-groove-ball-bearings/6330zzs-dgbb-sr.html
https://www.oss.nsk.com/products/bearings/ball-bearings/deep-groove-ball-bearings/single-row-deep-groove-ball-bearings/6832-dgbb-sr.html,https://www.oss.nsk.com/products/bearings/ball-bearings/deep-groove-ball-bearings/single-row-deep-groove-ball-bearings/6832-dgbb-sr.html
https://www.oss.nsk.com/products/bearings/ball-bearings/deep-groove-ball-bearings/single-row-deep-groove-ball-bearings/6832ddu-dgbb-sr.html,https://www.oss.nsk.com/products/bearings/ball-bearings/deep-groove-ball-bearings/single-row-deep-groove-ball-bearings/6832ddu-dgbb-sr.html
https://www.oss.nsk.com/products/bearings/ball-bearings/deep-groove-ball-bearings/single-row-deep-groove-ball-bearings/6832n-dgbb-sr-n.html,https://www.oss.nsk.com/products/bearings/ball-bearings/deep-groove-ball-bearings/single-row-deep-groove-ball-bearings/6832n-dgbb-sr-n.html
https://www.oss.nsk.com/products/bearings/ball-bearings/deep-groove-ball-bearings/single-row-deep-groove-ball-bearings/6832nr-dgbb-sr-nr.html,https://www.oss.nsk.com/products/bearings/ball-bearings/deep-groove-ball-bearings/single-row-deep-groove-ball-bearings/6832nr-dgbb-sr-nr.html
https://www.oss.nsk.com/products/bearings/ball-bearings/deep-groove-ball-bearings/single-row-deep-groove-ball-bearings/6832vv-dgbb-sr.html,https://www.oss.nsk.com/products/bearings/ball-bearings/deep-groove-ball-bearings/single-row-deep-groove-ball-bearings/6832vv-dgbb-sr.html
https://www.oss.nsk.com/products/bearings/ball-bearings/deep-groove-ball-bearings/single-row-deep-groove-ball-bearings/6832zzs-dgbb-sr.html,https://www.oss.nsk.com/products/bearings/ball-bearings/deep-groove-ball-bearings/single-row-deep-groove-ball-bearings/6832zzs-dgbb-sr.html
https://www.oss.nsk.com/products/bearings/ball-bearings/deep-groove-ball-bearings/single-row-deep-groove-ball-bearings/6932-dgbb-sr.html,https://www.oss.nsk.com/products/bearings/ball-bearings/deep-groove-ball-bearings/single-row-deep-groove-ball-bearings/6932-dgbb-sr.html
https://www.oss.nsk.com/products/bearings/ball-bearings/deep-groove-ball-bearings/single-row-deep-groove-ball-bearings/6932ddu-dgbb-sr.html,https://www.oss.nsk.com/products/bearings/ball-bearings/deep-groove-ball-bearings/single-row-deep-groove-ball-bearings/6932ddu-dgbb-sr.html
https://www.oss.nsk.com/products/bearings/ball-bearings/deep-groove-ball-bearings/single-row-deep-groove-ball-bearings/6932zzs-dgbb-sr.html,https://www.oss.nsk.com/products/bearings/ball-bearings/deep-groove-ball-bearings/single-row-deep-groove-ball-bearings/6932zzs-dgbb-sr.html
https://www.oss.nsk.com/products/bearings/ball-bearings/deep-groove-ball-bearings/single-row-deep-groove-ball-bearings/16032-dgbb-sr.html,https://www.oss.nsk.com/products/bearings/ball-bearings/deep-groove-ball-bearings/single-row-deep-groove-ball-bearings/16032-dgbb-sr.html
https://www.oss.nsk.com/products/bearings/ball-bearings/deep-groove-ball-bearings/single-row-deep-groove-ball-bearings/6032-dgbb-sr.html,https://www.oss.nsk.com/products/bearings/ball-bearings/deep-groove-ball-bearings/single-row-deep-groove-ball-bearings/6032-dgbb-sr.html
https://www.oss.nsk.com/products/bearings/ball-bearings/deep-groove-ball-bearings/single-row-deep-groove-ball-bearings/6032ddu-dgbb-sr.html,https://www.oss.nsk.com/products/bearings/ball-bearings/deep-groove-ball-bearings/single-row-deep-groove-ball-bearings/6032ddu-dgbb-sr.html
https://www.oss.nsk.com/products/bearings/ball-bearings/deep-groove-ball-bearings/single-row-deep-groove-ball-bearings/6032zz-dgbb-sr.html,https://www.oss.nsk.com/products/bearings/ball-bearings/deep-groove-ball-bearings/single-row-deep-groove-ball-bearings/6032zz-dgbb-sr.html
https://www.oss.nsk.com/products/bearings/ball-bearings/deep-groove-ball-bearings/single-row-deep-groove-ball-bearings/6232-dgbb-sr.html,https://www.oss.nsk.com/products/bearings/ball-bearings/deep-groove-ball-bearings/single-row-deep-groove-ball-bearings/6232-dgbb-sr.html
https://www.oss.nsk.com/products/bearings/ball-bearings/deep-groove-ball-bearings/single-row-deep-groove-ball-bearings/6232zzs-dgbb-sr.html,https://www.oss.nsk.com/products/bearings/ball-bearings/deep-groove-ball-bearings/single-row-deep-groove-ball-bearings/6232zzs-dgbb-sr.html
https://www.oss.nsk.com/products/bearings/ball-bearings/deep-groove-ball-bearings/single-row-deep-groove-ball-bearings/6332-dgbb-sr.html,https://www.oss.nsk.com/products/bearings/ball-bearings/deep-groove-ball-bearings/single-row-deep-groove-ball-bearings/6332-dgbb-sr.html
https://www.oss.nsk.com/products/bearings/ball-bearings/deep-groove-ball-bearings/single-row-deep-groove-ball-bearings/6332zzs-dgbb-sr.html,https://www.oss.nsk.com/products/bearings/ball-bearings/deep-groove-ball-bearings/single-row-deep-groove-ball-bearings/6332zzs-dgbb-sr.html
https://www.oss.nsk.com/products/bearings/ball-bearings/deep-groove-ball-bearings/single-row-deep-groove-ball-bearings/6834-dgbb-sr.html,https://www.oss.nsk.com/products/bearings/ball-bearings/deep-groove-ball-bearings/single-row-deep-groove-ball-bearings/6834-dgbb-sr.html
https://www.oss.nsk.com/products/bearings/ball-bearings/deep-groove-ball-bearings/single-row-deep-groove-ball-bearings/6834ddu-dgbb-sr.html,https://www.oss.nsk.com/products/bearings/ball-bearings/deep-groove-ball-bearings/single-row-deep-groove-ball-bearings/6834ddu-dgbb-sr.html
https://www.oss.nsk.com/products/bearings/ball-bearings/deep-groove-ball-bearings/single-row-deep-groove-ball-bearings/6834vv-dgbb-sr.html,https://www.oss.nsk.com/products/bearings/ball-bearings/deep-groove-ball-bearings/single-row-deep-groove-ball-bearings/6834vv-dgbb-sr.html
https://www.oss.nsk.com/products/bearings/ball-bearings/deep-groove-ball-bearings/single-row-deep-groove-ball-bearings/6834zzs-dgbb-sr.html,https://www.oss.nsk.com/products/bearings/ball-bearings/deep-groove-ball-bearings/single-row-deep-groove-ball-bearings/6834zzs-dgbb-sr.html
https://www.oss.nsk.com/products/bearings/ball-bearings/deep-groove-ball-bearings/single-row-deep-groove-ball-bearings/6934-dgbb-sr.html,https://www.oss.nsk.com/products/bearings/ball-bearings/deep-groove-ball-bearings/single-row-deep-groove-ball-bearings/6934-dgbb-sr.html
https://www.oss.nsk.com/products/bearings/ball-bearings/deep-groove-ball-bearings/single-row-deep-groove-ball-bearings/6934zzs-dgbb-sr.html,https://www.oss.nsk.com/products/bearings/ball-bearings/deep-groove-ball-bearings/single-row-deep-groove-ball-bearings/6934zzs-dgbb-sr.html
https://www.oss.nsk.com/products/bearings/ball-bearings/deep-groove-ball-bearings/single-row-deep-groove-ball-bearings/16034-dgbb-sr.html,https://www.oss.nsk.com/products/bearings/ball-bearings/deep-groove-ball-bearings/single-row-deep-groove-ball-bearings/16034-dgbb-sr.html
https://www.oss.nsk.com/products/bearings/ball-bearings/deep-groove-ball-bearings/single-row-deep-groove-ball-bearings/6034-dgbb-sr.html,https://www.oss.nsk.com/products/bearings/ball-bearings/deep-groove-ball-bearings/single-row-deep-groove-ball-bearings/6034-dgbb-sr.html
https://www.oss.nsk.com/products/bearings/ball-bearings/deep-groove-ball-bearings/single-row-deep-groove-ball-bearings/6034vv-dgbb-sr.html,https://www.oss.nsk.com/products/bearings/ball-bearings/deep-groove-ball-bearings/single-row-deep-groove-ball-bearings/6034vv-dgbb-sr.html
https://www.oss.nsk.com/products/bearings/ball-bearings/deep-groove-ball-bearings/single-row-deep-groove-ball-bearings/6034zzs-dgbb-sr.html,https://www.oss.nsk.com/products/bearings/ball-bearings/deep-groove-ball-bearings/single-row-deep-groove-ball-bearings/6034zzs-dgbb-sr.html
https://www.oss.nsk.com/products/bearings/ball-bearings/deep-groove-ball-bearings/single-row-deep-groove-ball-bearings/6234-dgbb-sr.html,https://www.oss.nsk.com/products/bearings/ball-bearings/deep-groove-ball-bearings/single-row-deep-groove-ball-bearings/6234-dgbb-sr.html
https://www.oss.nsk.com/products/bearings/ball-bearings/deep-groove-ball-bearings/single-row-deep-groove-ball-bearings/6234zzs-dgbb-sr.html,https://www.oss.nsk.com/products/bearings/ball-bearings/deep-groove-ball-bearings/single-row-deep-groove-ball-bearings/6234zzs-dgbb-sr.html
https://www.oss.nsk.com/products/bearings/ball-bearings/deep-groove-ball-bearings/single-row-deep-groove-ball-bearings/6334-dgbb-sr.html,https://www.oss.nsk.com/products/bearings/ball-bearings/deep-groove-ball-bearings/single-row-deep-groove-ball-bearings/6334-dgbb-sr.html
https://www.oss.nsk.com/products/bearings/ball-bearings/deep-groove-ball-bearings/single-row-deep-groove-ball-bearings/6836-dgbb-sr.html,https://www.oss.nsk.com/products/bearings/ball-bearings/deep-groove-ball-bearings/single-row-deep-groove-ball-bearings/6836-dgbb-sr.html
https://www.oss.nsk.com/products/bearings/ball-bearings/deep-groove-ball-bearings/single-row-deep-groove-ball-bearings/6836vv-dgbb-sr.html,https://www.oss.nsk.com/products/bearings/ball-bearings/deep-groove-ball-bearings/single-row-deep-groove-ball-bearings/6836vv-dgbb-sr.html
https://www.oss.nsk.com/products/bearings/ball-bearings/deep-groove-ball-bearings/single-row-deep-groove-ball-bearings/6936-dgbb-sr.html,https://www.oss.nsk.com/products/bearings/ball-bearings/deep-groove-ball-bearings/single-row-deep-groove-ball-bearings/6936-dgbb-sr.html
https://www.oss.nsk.com/products/bearings/ball-bearings/deep-groove-ball-bearings/single-row-deep-groove-ball-bearings/6936zzs-dgbb-sr.html,https://www.oss.nsk.com/products/bearings/ball-bearings/deep-groove-ball-bearings/single-row-deep-groove-ball-bearings/6936zzs-dgbb-sr.html
https://www.oss.nsk.com/products/bearings/ball-bearings/deep-groove-ball-bearings/single-row-deep-groove-ball-bearings/16036-dgbb-sr.html,https://www.oss.nsk.com/products/bearings/ball-bearings/deep-groove-ball-bearings/single-row-deep-groove-ball-bearings/16036-dgbb-sr.html
https://www.oss.nsk.com/products/bearings/ball-bearings/deep-groove-ball-bearings/single-row-deep-groove-ball-bearings/6036-dgbb-sr.html,https://www.oss.nsk.com/products/bearings/ball-bearings/deep-groove-ball-bearings/single-row-deep-groove-ball-bearings/6036-dgbb-sr.html
https://www.oss.nsk.com/products/bearings/ball-bearings/deep-groove-ball-bearings/single-row-deep-groove-ball-bearings/6036vv-dgbb-sr.html,https://www.oss.nsk.com/products/bearings/ball-bearings/deep-groove-ball-bearings/single-row-deep-groove-ball-bearings/6036vv-dgbb-sr.html
https://www.oss.nsk.com/products/bearings/ball-bearings/deep-groove-ball-bearings/single-row-deep-groove-ball-bearings/6036zzs-dgbb-sr.html,https://www.oss.nsk.com/products/bearings/ball-bearings/deep-groove-ball-bearings/single-row-deep-groove-ball-bearings/6036zzs-dgbb-sr.html
https://www.oss.nsk.com/products/bearings/ball-bearings/deep-groove-ball-bearings/single-row-deep-groove-ball-bearings/6236-dgbb-sr.html,https://www.oss.nsk.com/products/bearings/ball-bearings/deep-groove-ball-bearings/single-row-deep-groove-ball-bearings/6236-dgbb-sr.html
https://www.oss.nsk.com/products/bearings/ball-bearings/deep-groove-ball-bearings/single-row-deep-groove-ball-bearings/6236zzs-dgbb-sr.html,https://www.oss.nsk.com/products/bearings/ball-bearings/deep-groove-ball-bearings/single-row-deep-groove-ball-bearings/6236zzs-dgbb-sr.html
https://www.oss.nsk.com/products/bearings/ball-bearings/deep-groove-ball-bearings/single-row-deep-groove-ball-bearings/6336-dgbb-sr.html,https://www.oss.nsk.com/products/bearings/ball-bearings/deep-groove-ball-bearings/single-row-deep-groove-ball-bearings/6336-dgbb-sr.html
https://www.oss.nsk.com/products/bearings/ball-bearings/deep-groove-ball-bearings/single-row-deep-groove-ball-bearings/6838-dgbb-sr.html,https://www.oss.nsk.com/products/bearings/ball-bearings/deep-groove-ball-bearings/single-row-deep-groove-ball-bearings/6838-dgbb-sr.html
https://www.oss.nsk.com/products/bearings/ball-bearings/deep-groove-ball-bearings/single-row-deep-groove-ball-bearings/6838vv-dgbb-sr.html,https://www.oss.nsk.com/products/bearings/ball-bearings/deep-groove-ball-bearings/single-row-deep-groove-ball-bearings/6838vv-dgbb-sr.html
https://www.oss.nsk.com/products/bearings/ball-bearings/deep-groove-ball-bearings/single-row-deep-groove-ball-bearings/6938-dgbb-sr.html,https://www.oss.nsk.com/products/bearings/ball-bearings/deep-groove-ball-bearings/single-row-deep-groove-ball-bearings/6938-dgbb-sr.html
https://www.oss.nsk.com/products/bearings/ball-bearings/deep-groove-ball-bearings/single-row-deep-groove-ball-bearings/16038-dgbb-sr.html,https://www.oss.nsk.com/products/bearings/ball-bearings/deep-groove-ball-bearings/single-row-deep-groove-ball-bearings/16038-dgbb-sr.html
https://www.oss.nsk.com/products/bearings/ball-bearings/deep-groove-ball-bearings/single-row-deep-groove-ball-bearings/6038-dgbb-sr.html,https://www.oss.nsk.com/products/bearings/ball-bearings/deep-groove-ball-bearings/single-row-deep-groove-ball-bearings/6038-dgbb-sr.html
https://www.oss.nsk.com/products/bearings/ball-bearings/deep-groove-ball-bearings/single-row-deep-groove-ball-bearings/6038zzs-dgbb-sr.html,https://www.oss.nsk.com/products/bearings/ball-bearings/deep-groove-ball-bearings/single-row-deep-groove-ball-bearings/6038zzs-dgbb-sr.html
https://www.oss.nsk.com/products/bearings/ball-bearings/deep-groove-ball-bearings/single-row-deep-groove-ball-bearings/6238-dgbb-sr.html,https://www.oss.nsk.com/products/bearings/ball-bearings/deep-groove-ball-bearings/single-row-deep-groove-ball-bearings/6238-dgbb-sr.html
https://www.oss.nsk.com/products/bearings/ball-bearings/deep-groove-ball-bearings/single-row-deep-groove-ball-bearings/6238zzs-dgbb-sr.html,https://www.oss.nsk.com/products/bearings/ball-bearings/deep-groove-ball-bearings/single-row-deep-groove-ball-bearings/6238zzs-dgbb-sr.html
https://www.oss.nsk.com/products/bearings/ball-bearings/deep-groove-ball-bearings/single-row-deep-groove-ball-bearings/6338-dgbb-sr.html,https://www.oss.nsk.com/products/bearings/ball-bearings/deep-groove-ball-bearings/single-row-deep-groove-ball-bearings/6338-dgbb-sr.html
https://www.oss.nsk.com/products/bearings/ball-bearings/deep-groove-ball-bearings/single-row-deep-groove-ball-bearings/6840-dgbb-sr.html,https://www.oss.nsk.com/products/bearings/ball-bearings/deep-groove-ball-bearings/single-row-deep-groove-ball-bearings/6840-dgbb-sr.html
https://www.oss.nsk.com/products/bearings/ball-bearings/deep-groove-ball-bearings/single-row-deep-groove-ball-bearings/6940-dgbb-sr.html,https://www.oss.nsk.com/products/bearings/ball-bearings/deep-groove-ball-bearings/single-row-deep-groove-ball-bearings/6940-dgbb-sr.html
https://www.oss.nsk.com/products/bearings/ball-bearings/deep-groove-ball-bearings/single-row-deep-groove-ball-bearings/6940zzs-dgbb-sr.html,https://www.oss.nsk.com/products/bearings/ball-bearings/deep-groove-ball-bearings/single-row-deep-groove-ball-bearings/6940zzs-dgbb-sr.html
https://www.oss.nsk.com/products/bearings/ball-bearings/deep-groove-ball-bearings/single-row-deep-groove-ball-bearings/16040-dgbb-sr.html,https://www.oss.nsk.com/products/bearings/ball-bearings/deep-groove-ball-bearings/single-row-deep-groove-ball-bearings/16040-dgbb-sr.html
https://www.oss.nsk.com/products/bearings/ball-bearings/deep-groove-ball-bearings/single-row-deep-groove-ball-bearings/6040-dgbb-sr.html,https://www.oss.nsk.com/products/bearings/ball-bearings/deep-groove-ball-bearings/single-row-deep-groove-ball-bearings/6040-dgbb-sr.html
https://www.oss.nsk.com/products/bearings/ball-bearings/deep-groove-ball-bearings/single-row-deep-groove-ball-bearings/6040zzs-dgbb-sr.html,https://www.oss.nsk.com/products/bearings/ball-bearings/deep-groove-ball-bearings/single-row-deep-groove-ball-bearings/6040zzs-dgbb-sr.html
https://www.oss.nsk.com/products/bearings/ball-bearings/deep-groove-ball-bearings/single-row-deep-groove-ball-bearings/6240-dgbb-sr.html,https://www.oss.nsk.com/products/bearings/ball-bearings/deep-groove-ball-bearings/single-row-deep-groove-ball-bearings/6240-dgbb-sr.html
https://www.oss.nsk.com/products/bearings/ball-bearings/deep-groove-ball-bearings/single-row-deep-groove-ball-bearings/6240zzs-dgbb-sr.html,https://www.oss.nsk.com/products/bearings/ball-bearings/deep-groove-ball-bearings/single-row-deep-groove-ball-bearings/6240zzs-dgbb-sr.html
https://www.oss.nsk.com/products/bearings/ball-bearings/deep-groove-ball-bearings/single-row-deep-groove-ball-bearings/6340-dgbb-sr.html,https://www.oss.nsk.com/products/bearings/ball-bearings/deep-groove-ball-bearings/single-row-deep-groove-ball-bearings/6340-dgbb-sr.html
https://www.oss.nsk.com/products/bearings/ball-bearings/deep-groove-ball-bearings/single-row-deep-groove-ball-bearings/6844-dgbb-sr.html,https://www.oss.nsk.com/products/bearings/ball-bearings/deep-groove-ball-bearings/single-row-deep-groove-ball-bearings/6844-dgbb-sr.html
https://www.oss.nsk.com/products/bearings/ball-bearings/deep-groove-ball-bearings/single-row-deep-groove-ball-bearings/6944-dgbb-sr.html,https://www.oss.nsk.com/products/bearings/ball-bearings/deep-groove-ball-bearings/single-row-deep-groove-ball-bearings/6944-dgbb-sr.html
https://www.oss.nsk.com/products/bearings/ball-bearings/deep-groove-ball-bearings/single-row-deep-groove-ball-bearings/16044-dgbb-sr.html,https://www.oss.nsk.com/products/bearings/ball-bearings/deep-groove-ball-bearings/single-row-deep-groove-ball-bearings/16044-dgbb-sr.html
https://www.oss.nsk.com/products/bearings/ball-bearings/deep-groove-ball-bearings/single-row-deep-groove-ball-bearings/6044-dgbb-sr.html,https://www.oss.nsk.com/products/bearings/ball-bearings/deep-groove-ball-bearings/single-row-deep-groove-ball-bearings/6044-dgbb-sr.html
https://www.oss.nsk.com/products/bearings/ball-bearings/deep-groove-ball-bearings/single-row-deep-groove-ball-bearings/6044zzs-dgbb-sr.html,https://www.oss.nsk.com/products/bearings/ball-bearings/deep-groove-ball-bearings/single-row-deep-groove-ball-bearings/6044zzs-dgbb-sr.html
https://www.oss.nsk.com/products/bearings/ball-bearings/deep-groove-ball-bearings/single-row-deep-groove-ball-bearings/6244-dgbb-sr.html,https://www.oss.nsk.com/products/bearings/ball-bearings/deep-groove-ball-bearings/single-row-deep-groove-ball-bearings/6244-dgbb-sr.html
https://www.oss.nsk.com/products/bearings/ball-bearings/deep-groove-ball-bearings/single-row-deep-groove-ball-bearings/6344-dgbb-sr.html,https://www.oss.nsk.com/products/bearings/ball-bearings/deep-groove-ball-bearings/single-row-deep-groove-ball-bearings/6344-dgbb-sr.html
https://www.oss.nsk.com/products/bearings/ball-bearings/deep-groove-ball-bearings/single-row-deep-groove-ball-bearings/6848-dgbb-sr.html,https://www.oss.nsk.com/products/bearings/ball-bearings/deep-groove-ball-bearings/single-row-deep-groove-ball-bearings/6848-dgbb-sr.html
https://www.oss.nsk.com/products/bearings/ball-bearings/deep-groove-ball-bearings/single-row-deep-groove-ball-bearings/6948-dgbb-sr.html,https://www.oss.nsk.com/products/bearings/ball-bearings/deep-groove-ball-bearings/single-row-deep-groove-ball-bearings/6948-dgbb-sr.html
https://www.oss.nsk.com/products/bearings/ball-bearings/deep-groove-ball-bearings/single-row-deep-groove-ball-bearings/16048-dgbb-sr.html,https://www.oss.nsk.com/products/bearings/ball-bearings/deep-groove-ball-bearings/single-row-deep-groove-ball-bearings/16048-dgbb-sr.html
https://www.oss.nsk.com/products/bearings/ball-bearings/deep-groove-ball-bearings/single-row-deep-groove-ball-bearings/6048-dgbb-sr.html,https://www.oss.nsk.com/products/bearings/ball-bearings/deep-groove-ball-bearings/single-row-deep-groove-ball-bearings/6048-dgbb-sr.html
https://www.oss.nsk.com/products/bearings/ball-bearings/deep-groove-ball-bearings/single-row-deep-groove-ball-bearings/6248-dgbb-sr.html,https://www.oss.nsk.com/products/bearings/ball-bearings/deep-groove-ball-bearings/single-row-deep-groove-ball-bearings/6248-dgbb-sr.html
https://www.oss.nsk.com/products/bearings/ball-bearings/deep-groove-ball-bearings/single-row-deep-groove-ball-bearings/6348-dgbb-sr.html,https://www.oss.nsk.com/products/bearings/ball-bearings/deep-groove-ball-bearings/single-row-deep-groove-ball-bearings/6348-dgbb-sr.html
https://www.oss.nsk.com/products/bearings/ball-bearings/deep-groove-ball-bearings/single-row-deep-groove-ball-bearings/6852-dgbb-sr.html,https://www.oss.nsk.com/products/bearings/ball-bearings/deep-groove-ball-bearings/single-row-deep-groove-ball-bearings/6852-dgbb-sr.html
https://www.oss.nsk.com/products/bearings/ball-bearings/deep-groove-ball-bearings/single-row-deep-groove-ball-bearings/6952-dgbb-sr.html,https://www.oss.nsk.com/products/bearings/ball-bearings/deep-groove-ball-bearings/single-row-deep-groove-ball-bearings/6952-dgbb-sr.html
https://www.oss.nsk.com/products/bearings/ball-bearings/deep-groove-ball-bearings/single-row-deep-groove-ball-bearings/16052-dgbb-sr.html,https://www.oss.nsk.com/products/bearings/ball-bearings/deep-groove-ball-bearings/single-row-deep-groove-ball-bearings/16052-dgbb-sr.html
https://www.oss.nsk.com/products/bearings/ball-bearings/deep-groove-ball-bearings/single-row-deep-groove-ball-bearings/6052-dgbb-sr.html,https://www.oss.nsk.com/products/bearings/ball-bearings/deep-groove-ball-bearings/single-row-deep-groove-ball-bearings/6052-dgbb-sr.html
https://www.oss.nsk.com/products/bearings/ball-bearings/deep-groove-ball-bearings/single-row-deep-groove-ball-bearings/6252-dgbb-sr.html,https://www.oss.nsk.com/products/bearings/ball-bearings/deep-groove-ball-bearings/single-row-deep-groove-ball-bearings/6252-dgbb-sr.html
https://www.oss.nsk.com/products/bearings/ball-bearings/deep-groove-ball-bearings/single-row-deep-groove-ball-bearings/6352-dgbb-sr.html,https://www.oss.nsk.com/products/bearings/ball-bearings/deep-groove-ball-bearings/single-row-deep-groove-ball-bearings/6352-dgbb-sr.html
https://www.oss.nsk.com/products/bearings/ball-bearings/deep-groove-ball-bearings/single-row-deep-groove-ball-bearings/6856-dgbb-sr.html,https://www.oss.nsk.com/products/bearings/ball-bearings/deep-groove-ball-bearings/single-row-deep-groove-ball-bearings/6856-dgbb-sr.html
https://www.oss.nsk.com/products/bearings/ball-bearings/deep-groove-ball-bearings/single-row-deep-groove-ball-bearings/6956-dgbb-sr.html,https://www.oss.nsk.com/products/bearings/ball-bearings/deep-groove-ball-bearings/single-row-deep-groove-ball-bearings/6956-dgbb-sr.html
https://www.oss.nsk.com/products/bearings/ball-bearings/deep-groove-ball-bearings/single-row-deep-groove-ball-bearings/16056-dgbb-sr.html,https://www.oss.nsk.com/products/bearings/ball-bearings/deep-groove-ball-bearings/single-row-deep-groove-ball-bearings/16056-dgbb-sr.html
https://www.oss.nsk.com/products/bearings/ball-bearings/deep-groove-ball-bearings/single-row-deep-groove-ball-bearings/6056-dgbb-sr.html,https://www.oss.nsk.com/products/bearings/ball-bearings/deep-groove-ball-bearings/single-row-deep-groove-ball-bearings/6056-dgbb-sr.html
https://www.oss.nsk.com/products/bearings/ball-bearings/deep-groove-ball-bearings/single-row-deep-groove-ball-bearings/6256-dgbb-sr.html,https://www.oss.nsk.com/products/bearings/ball-bearings/deep-groove-ball-bearings/single-row-deep-groove-ball-bearings/6256-dgbb-sr.html
https://www.oss.nsk.com/products/bearings/ball-bearings/deep-groove-ball-bearings/single-row-deep-groove-ball-bearings/6356-dgbb-sr.html,https://www.oss.nsk.com/products/bearings/ball-bearings/deep-groove-ball-bearings/single-row-deep-groove-ball-bearings/6356-dgbb-sr.html
https://www.oss.nsk.com/products/bearings/ball-bearings/deep-groove-ball-bearings/single-row-deep-groove-ball-bearings/6860-dgbb-sr.html,https://www.oss.nsk.com/products/bearings/ball-bearings/deep-groove-ball-bearings/single-row-deep-groove-ball-bearings/6860-dgbb-sr.html
https://www.oss.nsk.com/products/bearings/ball-bearings/deep-groove-ball-bearings/single-row-deep-groove-ball-bearings/6960-dgbb-sr.html,https://www.oss.nsk.com/products/bearings/ball-bearings/deep-groove-ball-bearings/single-row-deep-groove-ball-bearings/6960-dgbb-sr.html
https://www.oss.nsk.com/products/bearings/ball-bearings/deep-groove-ball-bearings/single-row-deep-groove-ball-bearings/16060-dgbb-sr.html,https://www.oss.nsk.com/products/bearings/ball-bearings/deep-groove-ball-bearings/single-row-deep-groove-ball-bearings/16060-dgbb-sr.html
https://www.oss.nsk.com/products/bearings/ball-bearings/deep-groove-ball-bearings/single-row-deep-groove-ball-bearings/6060-dgbb-sr.html,https://www.oss.nsk.com/products/bearings/ball-bearings/deep-groove-ball-bearings/single-row-deep-groove-ball-bearings/6060-dgbb-sr.html
https://www.oss.nsk.com/products/bearings/ball-bearings/deep-groove-ball-bearings/single-row-deep-groove-ball-bearings/6260-dgbb-sr.html,https://www.oss.nsk.com/products/bearings/ball-bearings/deep-groove-ball-bearings/single-row-deep-groove-ball-bearings/6260-dgbb-sr.html
https://www.oss.nsk.com/products/bearings/ball-bearings/deep-groove-ball-bearings/single-row-deep-groove-ball-bearings/6864-dgbb-sr.html,https://www.oss.nsk.com/products/bearings/ball-bearings/deep-groove-ball-bearings/single-row-deep-groove-ball-bearings/6864-dgbb-sr.html
https://www.oss.nsk.com/products/bearings/ball-bearings/deep-groove-ball-bearings/single-row-deep-groove-ball-bearings/6964-dgbb-sr.html,https://www.oss.nsk.com/products/bearings/ball-bearings/deep-groove-ball-bearings/single-row-deep-groove-ball-bearings/6964-dgbb-sr.html
https://www.oss.nsk.com/products/bearings/ball-bearings/deep-groove-ball-bearings/single-row-deep-groove-ball-bearings/16064-dgbb-sr.html,https://www.oss.nsk.com/products/bearings/ball-bearings/deep-groove-ball-bearings/single-row-deep-groove-ball-bearings/16064-dgbb-sr.html
https://www.oss.nsk.com/products/bearings/ball-bearings/deep-groove-ball-bearings/single-row-deep-groove-ball-bearings/6064-dgbb-sr.html,https://www.oss.nsk.com/products/bearings/ball-bearings/deep-groove-ball-bearings/single-row-deep-groove-ball-bearings/6064-dgbb-sr.html
https://www.oss.nsk.com/products/bearings/ball-bearings/deep-groove-ball-bearings/single-row-deep-groove-ball-bearings/6264-dgbb-sr.html,https://www.oss.nsk.com/products/bearings/ball-bearings/deep-groove-ball-bearings/single-row-deep-groove-ball-bearings/6264-dgbb-sr.html
https://www.oss.nsk.com/products/bearings/ball-bearings/deep-groove-ball-bearings/single-row-deep-groove-ball-bearings/6868-dgbb-sr.html,https://www.oss.nsk.com/products/bearings/ball-bearings/deep-groove-ball-bearings/single-row-deep-groove-ball-bearings/6868-dgbb-sr.html
https://www.oss.nsk.com/products/bearings/ball-bearings/deep-groove-ball-bearings/single-row-deep-groove-ball-bearings/6968-dgbb-sr.html,https://www.oss.nsk.com/products/bearings/ball-bearings/deep-groove-ball-bearings/single-row-deep-groove-ball-bearings/6968-dgbb-sr.html
https://www.oss.nsk.com/products/bearings/ball-bearings/deep-groove-ball-bearings/single-row-deep-groove-ball-bearings/6068-dgbb-sr.html,https://www.oss.nsk.com/products/bearings/ball-bearings/deep-groove-ball-bearings/single-row-deep-groove-ball-bearings/6068-dgbb-sr.html
https://www.oss.nsk.com/products/bearings/ball-bearings/deep-groove-ball-bearings/single-row-deep-groove-ball-bearings/6268-dgbb-sr.html,https://www.oss.nsk.com/products/bearings/ball-bearings/deep-groove-ball-bearings/single-row-deep-groove-ball-bearings/6268-dgbb-sr.html
https://www.oss.nsk.com/products/bearings/ball-bearings/deep-groove-ball-bearings/single-row-deep-groove-ball-bearings/6872-dgbb-sr.html,https://www.oss.nsk.com/products/bearings/ball-bearings/deep-groove-ball-bearings/single-row-deep-groove-ball-bearings/6872-dgbb-sr.html
https://www.oss.nsk.com/products/bearings/ball-bearings/deep-groove-ball-bearings/single-row-deep-groove-ball-bearings/6972-dgbb-sr.html,https://www.oss.nsk.com/products/bearings/ball-bearings/deep-groove-ball-bearings/single-row-deep-groove-ball-bearings/6972-dgbb-sr.html
https://www.oss.nsk.com/products/bearings/ball-bearings/deep-groove-ball-bearings/single-row-deep-groove-ball-bearings/6072-dgbb-sr.html,https://www.oss.nsk.com/products/bearings/ball-bearings/deep-groove-ball-bearings/single-row-deep-groove-ball-bearings/6072-dgbb-sr.html
https://www.oss.nsk.com/products/bearings/ball-bearings/deep-groove-ball-bearings/single-row-deep-groove-ball-bearings/6272-dgbb-sr.html,https://www.oss.nsk.com/products/bearings/ball-bearings/deep-groove-ball-bearings/single-row-deep-groove-ball-bearings/6272-dgbb-sr.html
https://www.oss.nsk.com/products/bearings/ball-bearings/deep-groove-ball-bearings/single-row-deep-groove-ball-bearings/6876-dgbb-sr.html,https://www.oss.nsk.com/products/bearings/ball-bearings/deep-groove-ball-bearings/single-row-deep-groove-ball-bearings/6876-dgbb-sr.html
https://www.oss.nsk.com/products/bearings/ball-bearings/deep-groove-ball-bearings/single-row-deep-groove-ball-bearings/6976-dgbb-sr.html,https://www.oss.nsk.com/products/bearings/ball-bearings/deep-groove-ball-bearings/single-row-deep-groove-ball-bearings/6976-dgbb-sr.html
https://www.oss.nsk.com/products/bearings/ball-bearings/deep-groove-ball-bearings/single-row-deep-groove-ball-bearings/6076-dgbb-sr.html,https://www.oss.nsk.com/products/bearings/ball-bearings/deep-groove-ball-bearings/single-row-deep-groove-ball-bearings/6076-dgbb-sr.html
https://www.oss.nsk.com/products/bearings/ball-bearings/deep-groove-ball-bearings/single-row-deep-groove-ball-bearings/6880-dgbb-sr.html,https://www.oss.nsk.com/products/bearings/ball-bearings/deep-groove-ball-bearings/single-row-deep-groove-ball-bearings/6880-dgbb-sr.html
https://www.oss.nsk.com/products/bearings/ball-bearings/deep-groove-ball-bearings/single-row-deep-groove-ball-bearings/6980-dgbb-sr.html,https://www.oss.nsk.com/products/bearings/ball-bearings/deep-groove-ball-bearings/single-row-deep-groove-ball-bearings/6980-dgbb-sr.html
https://www.oss.nsk.com/products/bearings/ball-bearings/deep-groove-ball-bearings/single-row-deep-groove-ball-bearings/6080-dgbb-sr.html,https://www.oss.nsk.com/products/bearings/ball-bearings/deep-groove-ball-bearings/single-row-deep-groove-ball-bearings/6080-dgbb-sr.html
https://www.oss.nsk.com/products/bearings/ball-bearings/deep-groove-ball-bearings/single-row-deep-groove-ball-bearings/6884-dgbb-sr.html,https://www.oss.nsk.com/products/bearings/ball-bearings/deep-groove-ball-bearings/single-row-deep-groove-ball-bearings/6884-dgbb-sr.html
https://www.oss.nsk.com/products/bearings/ball-bearings/deep-groove-ball-bearings/single-row-deep-groove-ball-bearings/6984-dgbb-sr.html,https://www.oss.nsk.com/products/bearings/ball-bearings/deep-groove-ball-bearings/single-row-deep-groove-ball-bearings/6984-dgbb-sr.html
https://www.oss.nsk.com/products/bearings/ball-bearings/deep-groove-ball-bearings/single-row-deep-groove-ball-bearings/6084-dgbb-sr.html,https://www.oss.nsk.com/products/bearings/ball-bearings/deep-groove-ball-bearings/single-row-deep-groove-ball-bearings/6084-dgbb-sr.html
https://www.oss.nsk.com/products/bearings/ball-bearings/deep-groove-ball-bearings/single-row-deep-groove-ball-bearings/6888-dgbb-sr.html,https://www.oss.nsk.com/products/bearings/ball-bearings/deep-groove-ball-bearings/single-row-deep-groove-ball-bearings/6888-dgbb-sr.html
https://www.oss.nsk.com/products/bearings/ball-bearings/deep-groove-ball-bearings/single-row-deep-groove-ball-bearings/6988-dgbb-sr.html,https://www.oss.nsk.com/products/bearings/ball-bearings/deep-groove-ball-bearings/single-row-deep-groove-ball-bearings/6988-dgbb-sr.html
https://www.oss.nsk.com/products/bearings/ball-bearings/deep-groove-ball-bearings/single-row-deep-groove-ball-bearings/6088-dgbb-sr.html,https://www.oss.nsk.com/products/bearings/ball-bearings/deep-groove-ball-bearings/single-row-deep-groove-ball-bearings/6088-dgbb-sr.html
https://www.oss.nsk.com/products/bearings/ball-bearings/deep-groove-ball-bearings/single-row-deep-groove-ball-bearings/6892-dgbb-sr.html,https://www.oss.nsk.com/products/bearings/ball-bearings/deep-groove-ball-bearings/single-row-deep-groove-ball-bearings/6892-dgbb-sr.html
https://www.oss.nsk.com/products/bearings/ball-bearings/deep-groove-ball-bearings/single-row-deep-groove-ball-bearings/6992-dgbb-sr.html,https://www.oss.nsk.com/products/bearings/ball-bearings/deep-groove-ball-bearings/single-row-deep-groove-ball-bearings/6992-dgbb-sr.html
https://www.oss.nsk.com/products/bearings/ball-bearings/deep-groove-ball-bearings/single-row-deep-groove-ball-bearings/6092-dgbb-sr.html,https://www.oss.nsk.com/products/bearings/ball-bearings/deep-groove-ball-bearings/single-row-deep-groove-ball-bearings/6092-dgbb-sr.html
https://www.oss.nsk.com/products/bearings/ball-bearings/deep-groove-ball-bearings/single-row-deep-groove-ball-bearings/6896-dgbb-sr.html,https://www.oss.nsk.com/products/bearings/ball-bearings/deep-groove-ball-bearings/single-row-deep-groove-ball-bearings/6896-dgbb-sr.html
https://www.oss.nsk.com/products/bearings/ball-bearings/deep-groove-ball-bearings/single-row-deep-groove-ball-bearings/6996-dgbb-sr.html,https://www.oss.nsk.com/products/bearings/ball-bearings/deep-groove-ball-bearings/single-row-deep-groove-ball-bearings/6996-dgbb-sr.html
https://www.oss.nsk.com/products/bearings/ball-bearings/deep-groove-ball-bearings/single-row-deep-groove-ball-bearings/6096-dgbb-sr.html,https://www.oss.nsk.com/products/bearings/ball-bearings/deep-groove-ball-bearings/single-row-deep-groove-ball-bearings/6096-dgbb-sr.html
https://www.oss.nsk.com/products/bearings/ball-bearings/deep-groove-ball-bearings/single-row-deep-groove-ball-bearings/68-500-dgbb-sr.html,https://www.oss.nsk.com/products/bearings/ball-bearings/deep-groove-ball-bearings/single-row-deep-groove-ball-bearings/68-500-dgbb-sr.html
https://www.oss.nsk.com/products/bearings/ball-bearings/deep-groove-ball-bearings/single-row-deep-groove-ball-bearings/69-500-dgbb-sr.html,https://www.oss.nsk.com/products/bearings/ball-bearings/deep-groove-ball-bearings/single-row-deep-groove-ball-bearings/69-500-dgbb-sr.html
https://www.oss.nsk.com/products/bearings/ball-bearings/deep-groove-ball-bearings/single-row-deep-groove-ball-bearings/60-500-dgbb-sr.html,https://www.oss.nsk.com/products/bearings/ball-bearings/deep-groove-ball-bearings/single-row-deep-groove-ball-bearings/60-500-dgbb-sr.html
https://www.oss.nsk.com/products/bearings/ball-bearings/deep-groove-ball-bearings/single-row-deep-groove-ball-bearings/68-530-dgbb-sr.html,https://www.oss.nsk.com/products/bearings/ball-bearings/deep-groove-ball-bearings/single-row-deep-groove-ball-bearings/68-530-dgbb-sr.html
https://www.oss.nsk.com/products/bearings/ball-bearings/deep-groove-ball-bearings/single-row-deep-groove-ball-bearings/69-530-dgbb-sr.html,https://www.oss.nsk.com/products/bearings/ball-bearings/deep-groove-ball-bearings/single-row-deep-groove-ball-bearings/69-530-dgbb-sr.html
https://www.oss.nsk.com/products/bearings/ball-bearings/deep-groove-ball-bearings/single-row-deep-groove-ball-bearings/60-530-dgbb-sr.html,https://www.oss.nsk.com/products/bearings/ball-bearings/deep-groove-ball-bearings/single-row-deep-groove-ball-bearings/60-530-dgbb-sr.html
https://www.oss.nsk.com/products/bearings/ball-bearings/deep-groove-ball-bearings/single-row-deep-groove-ball-bearings/68-560-dgbb-sr.html,https://www.oss.nsk.com/products/bearings/ball-bearings/deep-groove-ball-bearings/single-row-deep-groove-ball-bearings/68-560-dgbb-sr.html
https://www.oss.nsk.com/products/bearings/ball-bearings/deep-groove-ball-bearings/single-row-deep-groove-ball-bearings/69-560-dgbb-sr.html,https://www.oss.nsk.com/products/bearings/ball-bearings/deep-groove-ball-bearings/single-row-deep-groove-ball-bearings/69-560-dgbb-sr.html
https://www.oss.nsk.com/products/bearings/ball-bearings/deep-groove-ball-bearings/single-row-deep-groove-ball-bearings/60-560-dgbb-sr.html,https://www.oss.nsk.com/products/bearings/ball-bearings/deep-groove-ball-bearings/single-row-deep-groove-ball-bearings/60-560-dgbb-sr.html
https://www.oss.nsk.com/products/bearings/ball-bearings/deep-groove-ball-bearings/single-row-deep-groove-ball-bearings/68-600-dgbb-sr.html,https://www.oss.nsk.com/products/bearings/ball-bearings/deep-groove-ball-bearings/single-row-deep-groove-ball-bearings/68-600-dgbb-sr.html
https://www.oss.nsk.com/products/bearings/ball-bearings/deep-groove-ball-bearings/single-row-deep-groove-ball-bearings/69-600-dgbb-sr.html,https://www.oss.nsk.com/products/bearings/ball-bearings/deep-groove-ball-bearings/single-row-deep-groove-ball-bearings/69-600-dgbb-sr.html
https://www.oss.nsk.com/products/bearings/ball-bearings/deep-groove-ball-bearings/single-row-deep-groove-ball-bearings/60-600-dgbb-sr.html,https://www.oss.nsk.com/products/bearings/ball-bearings/deep-groove-ball-bearings/single-row-deep-groove-ball-bearings/60-600-dgbb-sr.html
https://www.oss.nsk.com/products/bearings/ball-bearings/deep-groove-ball-bearings/single-row-deep-groove-ball-bearings/68-630-dgbb-sr.html,https://www.oss.nsk.com/products/bearings/ball-bearings/deep-groove-ball-bearings/single-row-deep-groove-ball-bearings/68-630-dgbb-sr.html
https://www.oss.nsk.com/products/bearings/ball-bearings/deep-groove-ball-bearings/single-row-deep-groove-ball-bearings/69-630-dgbb-sr.html,https://www.oss.nsk.com/products/bearings/ball-bearings/deep-groove-ball-bearings/single-row-deep-groove-ball-bearings/69-630-dgbb-sr.html
https://www.oss.nsk.com/products/bearings/ball-bearings/deep-groove-ball-bearings/single-row-deep-groove-ball-bearings/60-630-dgbb-sr.html,https://www.oss.nsk.com/products/bearings/ball-bearings/deep-groove-ball-bearings/single-row-deep-groove-ball-bearings/60-630-dgbb-sr.html
https://www.oss.nsk.com/products/bearings/ball-bearings/deep-groove-ball-bearings/single-row-deep-groove-ball-bearings/68-670-dgbb-sr.html,https://www.oss.nsk.com/products/bearings/ball-bearings/deep-groove-ball-bearings/single-row-deep-groove-ball-bearings/68-670-dgbb-sr.html
https://www.oss.nsk.com/products/bearings/ball-bearings/deep-groove-ball-bearings/single-row-deep-groove-ball-bearings/69-670-dgbb-sr.html,https://www.oss.nsk.com/products/bearings/ball-bearings/deep-groove-ball-bearings/single-row-deep-groove-ball-bearings/69-670-dgbb-sr.html
https://www.oss.nsk.com/products/bearings/ball-bearings/deep-groove-ball-bearings/single-row-deep-groove-ball-bearings/60-670-dgbb-sr.html,https://www.oss.nsk.com/products/bearings/ball-bearings/deep-groove-ball-bearings/single-row-deep-groove-ball-bearings/60-670-dgbb-sr.html
https://www.oss.nsk.com/products/bearings/ball-bearings/deep-groove-ball-bearings/single-row-deep-groove-ball-bearings/68-710-dgbb-sr.html,https://www.oss.nsk.com/products/bearings/ball-bearings/deep-groove-ball-bearings/single-row-deep-groove-ball-bearings/68-710-dgbb-sr.html
https://www.oss.nsk.com/products/bearings/ball-bearings/deep-groove-ball-bearings/single-row-deep-groove-ball-bearings/69-710-dgbb-sr.html,https://www.oss.nsk.com/products/bearings/ball-bearings/deep-groove-ball-bearings/single-row-deep-groove-ball-bearings/69-710-dgbb-sr.html
https://www.oss.nsk.com/products/bearings/ball-bearings/deep-groove-ball-bearings/single-row-deep-groove-ball-bearings/68-750-dgbb-sr.html,https://www.oss.nsk.com/products/bearings/ball-bearings/deep-groove-ball-bearings/single-row-deep-groove-ball-bearings/68-750-dgbb-sr.html
https://www.oss.nsk.com/products/bearings/ball-bearings/deep-groove-ball-bearings/single-row-deep-groove-ball-bearings/69-750-dgbb-sr.html,https://www.oss.nsk.com/products/bearings/ball-bearings/deep-groove-ball-bearings/single-row-deep-groove-ball-bearings/69-750-dgbb-sr.html
https://www.oss.nsk.com/products/bearings/ball-bearings/deep-groove-ball-bearings/single-row-deep-groove-ball-bearings/68-800-dgbb-sr.html,https://www.oss.nsk.com/products/bearings/ball-bearings/deep-groove-ball-bearings/single-row-deep-groove-ball-bearings/68-800-dgbb-sr.html
https://www.oss.nsk.com/products/bearings/ball-bearings/deep-groove-ball-bearings/single-row-deep-groove-ball-bearings/69-800-dgbb-sr.html,https://www.oss.nsk.com/products/bearings/ball-bearings/deep-groove-ball-bearings/single-row-deep-groove-ball-bearings/69-800-dgbb-sr.html
